"Russell/Nomura Japan Index Monthly Return(%) (including dividends), JPY basis"
"Note::Prime:30-Dec-96=1000,Small Core,Micro:30-Dec-99=100,The Others:30-Dec-79=100"
DATE,Total Market,Total Market Value,Total Market Growth,Large,Large Value,Large Growth,Top,Top Value,Top Growth,Mid,Mid Value,Mid Growth,Mid-Small,Mid-Small Value,Mid-Small Growth,Small,Small Value,Small Growth,Small Core,Small Core Value,Small Core Growth,Micro,Micro Value,Micro Growth,Prime,Prime Value,Prime Growth
198001,  1.76,  3.00,  0.56,  1.59,  2.80,  0.37,  1.33,  3.07, -0.46,  1.93,  2.46,  1.41,  2.14,  2.94,  1.41,  2.62,  4.18,  1.42,---,---,---,---,---,---,---,---,---
198002, -0.22, -0.25, -0.19, -0.16, -0.12, -0.19, -0.23,  0.06, -0.54, -0.06, -0.36,  0.24, -0.21, -0.53,  0.09, -0.54, -0.98, -0.19,---,---,---,---,---,---,---,---,---
198003, -2.28, -2.57, -2.00, -2.36, -2.65, -2.05, -2.46, -3.21, -1.66, -2.23, -1.94, -2.53, -2.13, -1.97, -2.27, -1.89, -2.07, -1.75,---,---,---,---,---,---,---,---,---
198004,  3.07,  2.67,  3.47,  3.10,  2.59,  3.62,  4.04,  3.77,  4.33,  1.92,  1.09,  2.76,  2.23,  1.65,  2.77,  2.93,  3.09,  2.81,---,---,---,---,---,---,---,---,---
198005,  0.17,  0.14,  0.19, -0.10, -0.29,  0.09,  0.41, -0.12,  0.95, -0.74, -0.51, -0.98, -0.04,  0.38, -0.43,  1.51,  2.62,  0.65,---,---,---,---,---,---,---,---,---
198006,  1.14,  2.13,  0.19,  1.02,  2.23, -0.20, -0.25,  1.19, -1.72,  2.67,  3.61,  1.73,  2.38,  3.01,  1.79,  1.75,  1.57,  1.90,---,---,---,---,---,---,---,---,---
198007, -0.50, -0.08, -0.92, -0.98, -0.53, -1.45, -1.13, -0.23, -2.08, -0.80, -0.91, -0.69,  0.04,  0.07,  0.01,  1.88,  2.49,  1.40,---,---,---,---,---,---,---,---,---
198008,  1.73,  2.28,  1.18,  2.13,  2.73,  1.52,  3.04,  4.18,  1.81,  1.00,  0.84,  1.16,  0.61,  0.54,  0.67, -0.22, -0.17, -0.26,---,---,---,---,---,---,---,---,---
198009,  2.78,  3.55,  2.00,  2.85,  3.63,  2.02,  3.13,  4.80,  1.29,  2.49,  2.08,  2.90,  2.47,  2.37,  2.57,  2.42,  3.06,  1.91,---,---,---,---,---,---,---,---,---
198010,  1.48,  1.74,  1.22,  2.13,  2.38,  1.86,  3.19,  3.72,  2.59,  0.77,  0.55,  0.99, -0.01, -0.18,  0.15, -1.68, -1.93, -1.49,---,---,---,---,---,---,---,---,---
198011, -0.55, -1.24,  0.15, -0.65, -1.41,  0.17, -1.61, -2.15, -0.99,  0.61, -0.36,  1.56,  0.41, -0.32,  1.07, -0.05, -0.23,  0.09,---,---,---,---,---,---,---,---,---
198012,  0.38,  1.23, -0.47,  0.13,  1.17, -0.97, -0.03,  1.06, -1.26,  0.33,  1.33, -0.63,  0.74,  1.40,  0.15,  1.65,  1.55,  1.73,---,---,---,---,---,---,---,---,---
198101,  3.14,  3.14,  3.13,  2.78,  2.74,  2.82,  2.18,  2.39,  1.96,  3.53,  3.20,  3.86,  3.97,  3.87,  4.08,  4.92,  5.37,  4.54,---,---,---,---,---,---,---,---,---
198102, -0.47, -0.67, -0.26, -0.21, -0.36, -0.05, -0.05, -0.11,  0.03, -0.42, -0.69, -0.14, -0.84, -1.20, -0.50, -1.74, -2.37, -1.21,---,---,---,---,---,---,---,---,---
198103,  5.51,  7.43,  3.58,  6.86,  8.92,  4.72,  9.85, 13.22,  6.15,  3.10,  3.18,  3.03,  1.76,  2.00,  1.53, -1.19, -0.80, -1.53,---,---,---,---,---,---,---,---,---
198104,  6.13,  9.17,  2.98,  7.76, 11.10,  4.15, 12.48, 17.03,  7.15,  1.45,  2.42,  0.51,  0.23,  0.99, -0.48, -2.55, -2.51, -2.59,---,---,---,---,---,---,---,---,---
198105,  0.04,  0.35, -0.29,  0.74,  1.07,  0.35,  2.90,  3.60,  2.00, -2.48, -3.17, -1.79, -2.95, -3.59, -2.33, -4.06, -4.68, -3.54,---,---,---,---,---,---,---,---,---
198106,  4.59,  4.34,  4.87,  4.45,  4.25,  4.67,  3.55,  4.06,  2.90,  5.85,  4.61,  7.06,  5.74,  4.71,  6.70,  5.49,  4.97,  5.92,---,---,---,---,---,---,---,---,---
198107,  1.01,  1.77,  0.17,  1.44,  2.28,  0.47,  2.66,  3.82,  1.14, -0.43, -0.47, -0.39, -0.78, -0.86, -0.70, -1.63, -1.92, -1.40,---,---,---,---,---,---,---,---,---
198108, -0.02,  0.93, -1.08,  0.10,  1.02, -0.97,  0.39,  1.32, -0.87, -0.35,  0.44, -1.10, -0.48,  0.40, -1.27, -0.80,  0.27, -1.67,---,---,---,---,---,---,---,---,---
198109, -6.33, -6.95, -5.63, -7.10, -7.89, -6.16,-10.18,-12.49, -6.99, -2.20,  0.78, -5.07, -1.96,  0.66, -4.37, -1.36,  0.33, -2.77,---,---,---,---,---,---,---,---,---
198110,  0.30,  0.03,  0.60,  0.34, -0.02,  0.76,  0.23, -0.45,  1.12,  0.50,  0.69,  0.30,  0.37,  0.60,  0.14,  0.07,  0.39, -0.21,---,---,---,---,---,---,---,---,---
198111,  0.37, -0.04,  0.82, -0.01, -0.59,  0.67, -1.62, -2.82, -0.07,  2.34,  3.03,  1.63,  2.43,  3.26,  1.62,  2.66,  3.87,  1.62,---,---,---,---,---,---,---,---,---
198112,  2.18,  3.32,  0.92,  2.59,  3.93,  1.05,  3.74,  5.80,  1.19,  0.97,  1.07,  0.86,  0.62,  0.56,  0.68, -0.23, -0.81,  0.27,---,---,---,---,---,---,---,---,---
198201,  2.24,  2.03,  2.44,  2.28,  2.16,  2.40,  2.10,  2.11,  2.08,  2.56,  2.24,  2.83,  2.42,  1.61,  3.30,  1.94,  1.28,  2.65,---,---,---,---,---,---,---,---,---
198202, -5.24, -4.31, -6.14, -5.96, -5.08, -6.79, -7.24, -6.26, -8.24, -4.11, -3.23, -4.86, -3.15, -2.17, -4.06, -0.74,  0.23, -1.78,---,---,---,---,---,---,---,---,---
198203, -3.05, -2.17, -3.92, -3.21, -2.41, -3.99, -4.21, -3.80, -4.63, -1.83, -0.30, -3.16, -1.91, -0.46, -3.25, -2.11, -0.84, -3.49,---,---,---,---,---,---,---,---,---
198204,  2.17,  2.23,  2.11,  2.43,  2.61,  2.25,  2.93,  3.38,  2.46,  1.75,  1.47,  2.00,  1.43,  1.05,  1.78,  0.63,  0.14,  1.19,---,---,---,---,---,---,---,---,---
198205,  0.09, -0.64,  0.82,  0.17, -0.50,  0.83,  0.38, -0.44,  1.24, -0.12, -0.61,  0.31, -0.20, -0.84,  0.41, -0.38, -1.36,  0.70,---,---,---,---,---,---,---,---,---
198206, -1.53, -1.46, -1.61, -1.79, -1.78, -1.80, -2.40, -2.62, -2.17, -0.94, -0.50, -1.32, -0.67, -0.25, -1.07,  0.02,  0.39, -0.38,---,---,---,---,---,---,---,---,---
198207, -1.60, -1.70, -1.50, -1.78, -2.01, -1.56, -2.73, -3.13, -2.31, -0.47, -0.33, -0.60, -0.49, -0.22, -0.74, -0.52,  0.04, -1.13,---,---,---,---,---,---,---,---,---
198208, -0.06,  0.28, -0.39,  0.30,  0.78, -0.16,  1.49,  1.96,  1.01, -1.30, -0.93, -1.63, -1.53, -1.39, -1.67, -2.11, -2.41, -1.79,---,---,---,---,---,---,---,---,---
198209, -0.70, -1.02, -0.38, -0.52, -0.71, -0.33, -0.64, -0.63, -0.65, -0.35, -0.84,  0.08, -0.75, -1.43, -0.12, -1.74, -2.74, -0.65,---,---,---,---,---,---,---,---,---
198210,  4.03,  3.19,  4.85,  4.38,  3.42,  5.30,  5.46,  4.70,  6.25,  2.90,  1.50,  4.12,  2.63,  1.62,  3.57,  1.93,  1.88,  1.98,---,---,---,---,---,---,---,---,---
198211,  7.21,  6.34,  8.04,  7.43,  6.47,  8.34,  8.00,  7.24,  8.78,  6.64,  5.29,  7.78,  6.41,  5.39,  7.33,  5.83,  5.61,  6.06,---,---,---,---,---,---,---,---,---
198212,  2.93,  2.62,  3.22,  3.36,  2.99,  3.69,  4.65,  4.65,  4.65,  1.51,  0.38,  2.45,  1.17,  0.41,  1.84,  0.27,  0.47,  0.06,---,---,---,---,---,---,---,---,---
198301, -0.74, -0.29, -1.18, -1.33, -0.97, -1.67, -3.65, -3.26, -4.02,  2.15,  2.38,  1.92,  2.39,  2.63,  2.27,  3.08,  3.36,  2.69,---,---,---,---,---,---,---,---,---
198302,  0.92,  1.35,  0.47,  0.82,  1.31,  0.36,  0.74,  1.11,  0.40,  0.94,  1.58,  0.30,  1.10,  1.59,  0.56,  1.50,  1.59,  1.36,---,---,---,---,---,---,---,---,---
198303,  5.22,  5.20,  5.25,  5.18,  5.22,  5.13,  4.71,  4.61,  4.80,  5.84,  6.07,  5.61,  5.75,  5.76,  5.74,  5.50,  5.07,  6.10,---,---,---,---,---,---,---,---,---
198304,  2.57,  1.56,  3.59,  2.23,  1.12,  3.30,  1.93,  1.09,  2.71,  2.66,  1.17,  4.14,  3.21,  1.99,  4.55,  4.65,  3.82,  5.82,---,---,---,---,---,---,---,---,---
198305,  0.85, -1.43,  3.14,  0.61, -1.85,  2.93, -0.59, -2.52,  1.19,  2.27, -0.94,  5.37,  2.29, -0.44,  5.21,  2.34,  0.63,  4.71,---,---,---,---,---,---,---,---,---
198306,  3.20,  1.89,  4.44,  3.48,  2.06,  4.77,  4.05,  2.40,  5.53,  2.72,  1.59,  3.74,  2.38,  1.43,  3.33,  1.51,  1.10,  2.06,---,---,---,---,---,---,---,---,---
198307,  1.69,  1.23,  2.11,  1.11,  0.57,  1.59,  0.27, -0.16,  0.64,  2.26,  1.55,  2.90,  3.07,  2.49,  3.65,  5.13,  4.47,  5.99,---,---,---,---,---,---,---,---,---
198308,  2.15,  1.75,  2.52,  1.87,  1.45,  2.23,  0.47,  0.67,  0.30,  3.73,  2.48,  4.82,  3.75,  2.71,  4.78,  3.81,  3.18,  4.63,---,---,---,---,---,---,---,---,---
198309,  2.45,  2.72,  2.20,  2.86,  3.20,  2.57,  4.68,  4.55,  4.79,  0.53,  1.46, -0.27,  0.41,  1.14, -0.28,  0.12,  0.49, -0.35,---,---,---,---,---,---,---,---,---
198310, -0.89,  0.17, -1.87, -1.14, -0.09, -2.04, -1.45, -0.10, -2.61, -0.73, -0.08, -1.28, -0.37,  0.41, -1.12,  0.54,  1.41, -0.59,---,---,---,---,---,---,---,---,---
198311,  0.21, -0.87,  1.21, -0.08, -1.22,  0.92, -0.41, -1.79,  0.80,  0.36, -0.47,  1.09,  0.79, -0.05,  1.62,  1.85,  0.78,  3.27,---,---,---,---,---,---,---,---,---
198312,  6.92,  7.10,  6.75,  7.30,  7.66,  7.00,  8.08,  8.92,  7.35,  6.29,  6.01,  6.53,  5.84,  5.51,  6.16,  4.75,  4.51,  5.05,---,---,---,---,---,---,---,---,---
198401,  4.54,  4.30,  4.81,  4.44,  4.31,  4.58,  4.00,  3.94,  4.07,  5.04,  4.82,  5.28,  5.05,  4.70,  5.21,  5.14,  4.24,  6.18,---,---,---,---,---,---,---,---,---
198402, -0.94, -0.40, -1.51, -1.33, -0.66, -2.03, -2.76, -1.85, -3.75,  0.65,  0.99,  0.30,  0.84,  1.00,  0.67,  1.30,  1.04,  1.61,---,---,---,---,---,---,---,---,---
198403, 10.19, 11.93,  8.32, 11.20, 13.19,  9.09, 11.42, 13.33,  9.36, 10.91, 13.00,  8.73,  9.04, 10.62,  7.36,  4.50,  5.06,  3.86,---,---,---,---,---,---,---,---,---
198404, -0.79, -0.15, -1.50, -0.97, -0.43, -1.56, -1.83, -1.94, -1.70,  0.18,  1.62, -1.38,  0.19,  1.58, -1.33,  0.25,  1.46, -1.14,---,---,---,---,---,---,---,---,---
198405, -9.65, -8.77,-10.64,-10.12, -9.32,-11.02,-11.00,-10.03,-12.08, -8.97, -8.38, -9.63, -8.39, -7.60, -9.27, -6.88, -5.62, -8.34,---,---,---,---,---,---,---,---,---
198406,  2.57,  2.59,  2.56,  2.64,  2.46,  2.83,  2.40,  1.87,  3.00,  2.94,  3.22,  2.63,  2.73,  3.24,  2.15,  2.21,  3.28,  0.93,---,---,---,---,---,---,---,---,---
198407, -3.68, -3.48, -3.89, -4.14, -4.01, -4.28, -4.35, -4.14, -4.59, -3.87, -3.86, -3.87, -3.06, -2.90, -3.25, -1.05, -0.58, -1.62,---,---,---,---,---,---,---,---,---
198408,  7.21,  4.81,  9.97,  7.32,  5.03,  9.92,  7.84,  6.27,  9.62,  6.67,  3.46, 10.29,  6.65,  3.52, 10.28,  6.61,  3.66, 10.26,---,---,---,---,---,---,---,---,---
198409,  1.30, -0.20,  2.94,  1.46,  0.05,  2.99,  1.81,  0.29,  3.47,  1.02, -0.26,  2.39,  0.84, -0.65,  2.47,  0.40, -1.57,  2.68,---,---,---,---,---,---,---,---,---
198410,  3.74,  4.23,  3.23,  3.70,  4.12,  3.27,  2.79,  3.27,  2.28,  4.87,  5.21,  4.52,  4.61,  5.10,  4.10,  3.97,  4.86,  3.00,---,---,---,---,---,---,---,---,---
198411,  0.58,  3.43, -2.45,  0.17,  3.18, -2.98, -1.43,  0.79, -3.79,  2.18,  6.22, -1.99,  2.36,  5.78, -1.25,  2.84,  4.75,  0.67,---,---,---,---,---,---,---,---,---
198412,  3.68,  5.34,  1.81,  4.28,  6.10,  2.25,  5.89,  7.73,  3.85,  2.33,  4.14,  0.32,  1.78,  3.31,  0.05,  0.42,  1.31, -0.62,---,---,---,---,---,---,---,---,---
198501,  1.97,  1.53,  2.40,  1.66,  1.05,  2.27,  0.63, -0.35,  1.57,  3.06,  2.85,  3.28,  3.08,  3.16,  3.05,  3.64,  4.14,  3.11,---,---,---,---,---,---,---,---,---
198502,  3.16,  2.78,  3.54,  3.47,  3.06,  3.87,  3.69,  2.68,  4.63,  3.18,  3.54,  2.80,  2.67,  2.86,  2.47,  1.48,  1.27,  1.69,---,---,---,---,---,---,---,---,---
198503,  2.46,  3.89,  1.05,  2.52,  3.75,  1.32,  2.35,  2.83,  1.90,  2.76,  4.89,  0.48,  2.57,  4.81,  0.19,  2.12,  4.63, -0.51,---,---,---,---,---,---,---,---,---
198504, -2.49, -2.37, -2.62, -2.88, -2.89, -2.86, -3.31, -3.17, -3.45, -2.30, -2.56, -2.02, -1.72, -1.68, -1.77, -0.34,  0.42, -1.18,---,---,---,---,---,---,---,---,---
198505,  2.63,  5.67, -0.45,  2.76,  5.83, -0.29,  2.78,  4.52,  1.18,  2.74,  7.41, -2.39,  2.49,  6.65, -2.09,  1.93,  4.88, -1.36,---,---,---,---,---,---,---,---,---
198506,  2.65,  3.91,  1.28,  2.74,  3.97,  1.44,  3.15,  3.64,  2.67,  2.20,  4.34, -0.38,  2.19,  4.13, -0.15,  2.15,  3.62,  0.40,---,---,---,---,---,---,---,---,---
198507, -3.60, -0.51, -7.02, -4.20, -1.32, -7.31, -6.01, -4.97, -7.01, -1.81,  2.90, -7.78, -1.37,  3.14, -7.03, -0.34,  3.74, -5.31,---,---,---,---,---,---,---,---,---
198508,  2.96,  3.80,  1.97,  2.89,  3.86,  1.77,  1.83,  3.27,  0.40,  4.23,  4.48,  3.87,  3.96,  4.19,  3.64,  3.35,  3.51,  3.13,---,---,---,---,---,---,---,---,---
198509,  2.34,  5.15, -1.03,  2.51,  5.63, -1.17,  2.87,  6.10, -0.40,  2.06,  5.12, -2.30,  1.89,  4.44, -1.68,  1.47,  2.78, -0.28,---,---,---,---,---,---,---,---,---
198510,  0.02, -3.75,  4.85,  0.20, -3.67,  5.09,  0.99, -1.66,  3.86, -0.77, -5.79,  6.94, -0.83, -5.32,  5.87, -0.96, -4.17,  3.49,---,---,---,---,---,---,---,---,---
198511, -1.45, -2.51, -0.19, -2.07, -3.19, -0.78, -2.97, -3.68, -2.24, -0.95, -2.64,  1.36, -0.11, -1.60,  1.89,  1.88,  0.92,  3.12,---,---,---,---,---,---,---,---,---
198512,  4.10,  3.82,  4.41,  4.76,  4.38,  5.20,  6.64,  6.23,  7.05,  2.45,  2.35,  2.59,  1.92,  1.99,  1.83,  0.69,  1.14,  0.13,---,---,---,---,---,---,---,---,---
198601,  0.08, -0.68,  0.78, -0.61, -1.43,  0.17, -1.03, -1.40, -0.70, -0.06, -1.46,  1.44,  0.95,  0.05,  1.90,  3.60,  3.45,  3.72,---,---,---,---,---,---,---,---,---
198602,  4.82,  6.58,  3.20,  4.59,  5.99,  3.28,  3.90,  3.40,  4.33,  5.49,  9.03,  1.79,  5.63,  9.21,  2.14,  5.94,  9.65,  2.82,---,---,---,---,---,---,---,---,---
198603, 15.98, 18.35, 13.73, 18.39, 20.74, 16.14, 21.68, 23.60, 20.05, 14.21, 17.57, 10.45, 11.06, 14.26,  7.71,  4.28,  6.32,  2.45,---,---,---,---,---,---,---,---,---
198604, -0.07, -1.47,  1.32, -0.75, -1.92,  0.42, -1.37, -0.58, -2.07,  0.10, -3.47,  4.36,  1.14, -2.23,  4.87,  3.66,  1.09,  6.03,---,---,---,---,---,---,---,---,---
198605,  3.71,  4.92,  2.54,  3.41,  4.57,  2.29,  2.38,  3.11,  1.72,  4.79,  6.31,  3.12,  4.93,  6.47,  3.35,  5.24,  6.89,  3.79,---,---,---,---,---,---,---,---,---
198606,  4.75,  5.89,  3.62,  4.35,  5.45,  3.24,  3.59,  3.07,  4.06,  5.33,  8.21,  2.04,  5.79,  8.23,  3.20,  6.82,  8.27,  5.51,---,---,---,---,---,---,---,---,---
198607,  5.10,  3.48,  6.72,  6.70,  4.44,  9.00, 10.26,  4.86, 15.09,  2.15,  3.98, -0.06,  0.57,  2.40, -1.48, -2.93, -1.57, -4.20,---,---,---,---,---,---,---,---,---
198608,  8.44, 10.42,  6.52, 10.30, 12.58,  8.08, 13.20, 16.56, 10.47,  6.31,  8.16,  3.98,  3.85,  5.47,  1.98, -1.84, -1.65, -2.03,---,---,---,---,---,---,---,---,---
198609, -0.95, -0.68, -1.23,  0.41,  0.63,  0.19,  4.64,  5.87,  3.58, -5.79, -5.63, -5.99, -6.79, -6.48, -7.17, -9.40, -9.05, -9.73,---,---,---,---,---,---,---,---,---
198610, -7.59, -9.99, -5.14, -8.56,-11.01, -6.04,-10.75,-12.72, -9.03, -5.00, -8.73, -0.09, -3.86, -7.24,  0.22, -0.89, -2.74,  0.90,---,---,---,---,---,---,---,---,---
198611,  7.04,  8.03,  6.08,  6.78,  7.74,  5.84,  5.39,  5.97,  4.90,  8.89, 10.01,  7.55,  8.84,  9.99,  7.55,  8.70,  9.94,  7.55,---,---,---,---,---,---,---,---,---
198612,  2.81,  3.01,  2.61,  3.55,  3.60,  3.50,  5.55,  6.01,  5.16,  0.58,  0.62,  0.54, -0.12,  0.26, -0.56, -1.84, -0.75, -2.87,---,---,---,---,---,---,---,---,---
198701,  8.47, 10.19,  6.85,  9.11, 10.72,  7.68,  9.48,  8.49, 10.20,  8.53, 13.43,  2.48,  7.33, 10.92,  2.75,  4.18,  7.28,  0.02,---,---,---,---,---,---,---,---,---
198702,  2.97,  0.89,  5.00,  3.35,  0.92,  5.57,  3.81, -0.07,  6.59,  2.60,  2.07,  3.33,  2.00,  1.69,  2.42,  0.35,  0.67, -0.11,---,---,---,---,---,---,---,---,---
198703,  2.06,  4.67, -0.37,  1.93,  4.63, -0.44,  0.94,  2.94, -0.41,  3.54,  6.55, -0.52,  3.40,  6.10, -0.31,  3.00,  4.86,  0.30,---,---,---,---,---,---,---,---,---
198704,  8.56,  9.71,  7.43,  9.23, 10.38,  8.17,  9.75, 10.54,  9.21,  8.40, 10.20,  5.80,  7.18,  9.06,  4.42,  3.76,  5.92,  0.51,---,---,---,---,---,---,---,---,---
198705,  4.09,  5.89,  2.29,  2.98,  4.98,  1.11,  0.59,  3.80, -1.66,  6.81,  6.27,  7.62,  8.25,  7.58,  9.27, 12.39, 11.28, 14.16,---,---,---,---,---,---,---,---,---
198706, -3.48, -1.83, -5.19, -4.64, -3.01, -6.23, -7.02, -3.55, -9.58, -1.07, -2.44,  0.97,  0.42, -0.48,  1.77,  4.52,  4.81,  4.07,---,---,---,---,---,---,---,---,---
198707, -0.37, -0.37, -0.38, -1.09, -1.15, -1.04, -1.52, -0.42, -2.39, -0.49, -1.91,  1.57,  0.79, -0.34,  2.45,  4.15,  3.67,  4.89,---,---,---,---,---,---,---,---,---
198708,  6.56,  5.96,  7.20,  6.40,  5.57,  7.23,  6.22,  3.06,  8.76,  6.66,  8.27,  4.41,  6.90,  8.15,  5.10,  7.51,  7.88,  6.95,---,---,---,---,---,---,---,---,---
198709,  0.31,  2.60, -2.13,  0.35,  3.04, -2.33,  1.07,  6.38, -2.99, -0.66, -0.38, -1.07, -0.46, -0.12, -0.95,  0.08,  0.52, -0.61,---,---,---,---,---,---,---,---,---
198710,-10.45,-10.60,-10.28,-10.78,-11.18,-10.35,-10.69,-13.13, -8.64,-10.90, -9.06,-13.57,-10.21, -8.66,-12.51, -8.52, -7.72, -9.78,---,---,---,---,---,---,---,---,---
198711, -3.94, -3.14, -4.84, -4.22, -3.35, -5.12, -4.88, -3.23, -6.21, -3.28, -3.49, -2.96, -3.01, -3.07, -2.92, -2.37, -2.09, -2.82,---,---,---,---,---,---,---,---,---
198712, -6.28, -4.83, -7.92, -7.28, -5.71, -8.97, -9.59, -7.19,-11.58, -4.07, -4.14, -3.96, -3.05, -3.11, -2.95, -0.63, -0.73, -0.48,---,---,---,---,---,---,---,---,---
198801, 11.12, 11.48, 10.74, 11.19, 11.60, 10.78, 12.00, 11.97, 12.03, 10.08, 11.19,  8.66, 10.19, 11.10,  9.03, 10.72, 10.89, 10.51,---,---,---,---,---,---,---,---,---
198802,  8.15,  8.07,  8.24,  8.26,  8.22,  8.31,  8.62,  7.72,  9.39,  7.76,  8.78,  6.41,  7.70,  8.33,  6.87,  7.58,  7.36,  7.86,---,---,---,---,---,---,---,---,---
198803,  3.99,  5.19,  2.72,  4.34,  5.68,  2.97,  5.19,  7.24,  3.47,  3.13,  3.94,  2.05,  2.83,  3.61,  1.80,  2.17,  2.87,  1.29,---,---,---,---,---,---,---,---,---
198804,  2.93,  3.58,  2.23,  2.30,  2.94,  1.63,  1.23,  2.00,  0.55,  3.85,  4.03,  3.61,  4.60,  4.82,  4.30,  6.27,  6.67,  5.76,---,---,---,---,---,---,---,---,---
198805, -2.58, -0.97, -4.34, -3.66, -2.19, -5.21, -5.23, -3.77, -6.52, -1.45, -0.40, -2.89, -0.04,  1.21, -1.73,  2.99,  4.78,  0.68,---,---,---,---,---,---,---,---,---
198806,  2.85,  4.87,  0.55,  3.21,  5.63,  0.56,  3.69,  7.11,  0.59,  2.56,  4.00,  0.51,  2.08,  3.21,  0.50,  1.10,  1.56,  0.48,---,---,---,---,---,---,---,---,---
198807,  3.18,  4.64,  1.45,  4.54,  6.44,  2.36,  8.12, 12.57,  3.82, -0.32, -0.45, -0.14, -1.36, -1.44, -1.24, -3.51, -3.58, -3.43,---,---,---,---,---,---,---,---,---
198808, -5.16, -5.33, -4.96, -5.72, -6.03, -5.35, -7.70, -8.66, -6.69, -2.81, -2.68, -2.99, -2.60, -2.40, -2.89, -2.16, -1.77, -2.69,---,---,---,---,---,---,---,---,---
198809,  1.76,  3.96, -0.94,  2.37,  4.89, -0.63,  3.06,  6.14, -0.13,  1.42,  3.39, -1.49,  0.51,  2.17, -1.87, -1.41, -0.50, -2.64,---,---,---,---,---,---,---,---,---
198810,  0.09,  0.76, -0.77,  0.44,  0.98, -0.24,  0.96,  0.34,  1.65, -0.31,  1.75, -3.51, -0.76,  1.13, -3.60, -1.75, -0.31, -3.76,---,---,---,---,---,---,---,---,---
198811,  5.68,  5.35,  6.11,  5.53,  5.13,  6.03,  6.05,  5.90,  6.21,  4.77,  4.22,  5.68,  5.31,  4.88,  5.98,  6.50,  6.43,  6.60,---,---,---,---,---,---,---,---,---
198812,  2.82,  1.90,  4.02,  3.07,  1.97,  4.48,  2.65,  0.25,  5.26,  3.69,  4.07,  3.06,  2.99,  3.31,  2.49,  1.47,  1.57,  1.33,---,---,---,---,---,---,---,---,---
198901,  5.13,  5.80,  4.46,  4.37,  4.89,  3.87,  3.77,  3.93,  3.64,  5.27,  6.08,  4.28,  6.46,  7.26,  5.51,  9.27, 10.38,  7.98,---,---,---,---,---,---,---,---,---
198902, -0.41,  1.56, -2.39, -0.18,  2.17, -2.49, -0.82,  2.13, -3.29,  0.74,  2.20, -1.07,  0.00,  1.08, -1.32, -1.58, -1.35, -1.84,---,---,---,---,---,---,---,---,---
198903,  1.09,  1.89,  0.26,  0.74,  1.62, -0.16, -1.97, -0.20, -3.54,  4.63,  3.81,  5.68,  4.11,  3.63,  4.70,  2.97,  3.23,  2.66,---,---,---,---,---,---,---,---,---
198904,  1.09,  1.06,  1.12,  0.46,  0.34,  0.58, -0.46, -0.83, -0.12,  1.70,  1.70,  1.69,  2.53,  2.59,  2.45,  4.35,  4.58,  4.08,---,---,---,---,---,---,---,---,---
198905,  1.72,  2.34,  1.05,  1.30,  2.09,  0.47,  1.32,  2.98, -0.21,  1.29,  1.10,  1.52,  2.07,  1.85,  2.35,  3.77,  3.50,  4.10,---,---,---,---,---,---,---,---,---
198906, -3.71, -3.78, -3.63, -4.17, -4.22, -4.11, -5.10, -4.72, -5.46, -2.95, -3.65, -2.07, -2.48, -3.04, -1.77, -1.46, -1.74, -1.14,---,---,---,---,---,---,---,---,---
198907,  7.31,  7.17,  7.46,  7.67,  7.42,  7.93,  8.27,  7.01,  9.47,  6.91,  7.90,  5.69,  6.48,  7.29,  5.50,  5.60,  6.01,  5.12,---,---,---,---,---,---,---,---,---
198908, -1.40, -0.98, -1.85, -2.42, -1.83, -3.04, -4.27, -3.14, -5.31, -0.03, -0.36,  0.40,  1.11,  0.67,  1.65,  3.48,  2.90,  4.17,---,---,---,---,---,---,---,---,---
198909,  4.53,  5.69,  3.27,  3.54,  4.60,  2.39,  1.76,  2.23,  1.31,  5.73,  7.17,  3.93,  6.82,  8.22,  5.11,  9.01, 10.39,  7.40,---,---,---,---,---,---,---,---,---
198910,  0.12,  0.83, -0.67,  0.22,  0.99, -0.62,  0.17,  1.53, -1.14,  0.29,  0.44,  0.09,  0.08,  0.35, -0.25, -0.31,  0.16, -0.88,---,---,---,---,---,---,---,---,---
198911,  5.04,  4.71,  5.41,  5.21,  4.62,  5.88,  6.19,  4.53,  7.82,  4.06,  4.71,  3.22,  4.14,  4.84,  3.26,  4.30,  5.10,  3.32,---,---,---,---,---,---,---,---,---
198912,  1.51,  1.78,  1.21,  0.54,  0.83,  0.23, -1.05, -0.79, -1.30,  2.46,  2.50,  2.42,  3.55,  3.56,  3.55,  5.69,  5.70,  5.68,---,---,---,---,---,---,---,---,---
199001, -4.51, -4.87, -4.16, -5.33, -5.49, -5.16, -6.34, -5.95, -6.81, -3.98, -4.79, -3.23, -2.74, -3.51, -2.21, -0.00, -0.17,  0.10,---,---,---,---,---,---,---,---,---
199002, -5.75, -6.59, -4.91, -6.63, -7.35, -5.86, -7.37, -7.89, -6.72, -5.68, -6.52, -4.90, -4.27, -5.13, -3.57, -1.13, -1.26, -1.05,---,---,---,---,---,---,---,---,---
199003,-12.94,-12.41,-13.46,-13.84,-13.01,-14.73,-14.61,-12.59,-17.09,-12.85,-13.63,-12.14,-11.48,-12.22,-10.88, -8.56, -8.48, -8.60,---,---,---,---,---,---,---,---,---
199004, -0.39, -0.07, -0.70,  0.98,  0.98,  0.97,  2.04,  2.03,  2.05, -0.36, -0.60, -0.14, -2.42, -2.32, -2.50, -6.64, -6.66, -6.63,---,---,---,---,---,---,---,---,---
199005, 10.43, 10.13, 10.73, 10.01,  9.82, 10.21,  9.79,  9.09, 10.69, 10.29, 10.94,  9.71, 10.99, 11.30, 10.75, 12.52, 12.23, 12.69,---,---,---,---,---,---,---,---,---
199006, -3.09, -4.10, -2.11, -4.49, -5.16, -3.77, -6.13, -6.16, -6.09, -2.40, -3.63, -1.30, -0.45, -1.83,  0.63,  3.68,  2.92,  4.14,---,---,---,---,---,---,---,---,---
199007, -3.01, -3.90, -2.16, -4.15, -4.71, -3.56, -6.36, -6.82, -5.79, -1.43, -1.58, -1.30, -0.26, -0.81,  0.17,  2.06,  1.05,  2.67,---,---,---,---,---,---,---,---,---
199008,-12.70,-11.39,-13.94,-12.14,-10.78,-13.58,-10.66, -8.98,-12.77,-13.86,-13.29,-14.35,-14.26,-13.76,-14.64,-15.04,-14.89,-15.13,---,---,---,---,---,---,---,---,---
199009,-20.00,-18.33,-21.62,-19.66,-18.37,-21.07,-18.77,-17.82,-20.02,-20.73,-19.17,-22.10,-20.97,-18.86,-22.61,-21.44,-18.10,-23.45,---,---,---,---,---,---,---,---,---
199010, 18.08, 14.83, 21.39, 17.94, 14.79, 21.50, 16.88, 13.25, 21.76, 19.26, 17.07, 21.25, 19.07, 16.49, 21.15, 18.67, 15.07, 20.99,---,---,---,---,---,---,---,---,---
199011,-12.46,-10.82,-14.03,-11.83,-10.36,-13.40,-10.24, -9.45,-11.23,-13.76,-11.67,-15.60,-14.24,-12.21,-15.81,-15.20,-13.58,-16.19,---,---,---,---,---,---,---,---,---
199012,  4.10,  4.82,  3.38,  5.41,  5.72,  5.05,  7.49,  6.64,  8.58,  2.77,  4.36,  1.31,  1.23,  2.88, -0.11, -1.85, -0.77, -2.53,---,---,---,---,---,---,---,---,---
199101, -2.17, -1.91, -2.44, -1.19, -1.21, -1.17, -0.24, -0.32, -0.14, -2.48, -2.53, -2.42, -3.81, -3.51, -3.96, -6.76, -6.26, -7.09,---,---,---,---,---,---,---,---,---
199102, 16.16, 16.93, 15.37, 15.02, 16.15, 13.77, 12.96, 14.79, 10.74, 17.87, 18.25, 17.51, 19.13, 19.30, 19.00, 21.74, 21.99, 21.58,---,---,---,---,---,---,---,---,---
199103,  0.89, -0.50,  2.31, -0.03, -1.39,  1.52, -1.12, -2.13,  0.14,  1.42, -0.30,  3.12,  2.66,  1.23,  3.90,  5.15,  5.04,  5.22,---,---,---,---,---,---,---,---,---
199104, -0.83, -1.10, -0.56, -1.12, -1.30, -0.93, -1.25, -1.35, -1.13, -0.96, -1.23, -0.70, -0.47, -0.84, -0.16,  0.43,  0.03,  0.70,---,---,---,---,---,---,---,---,---
199105, -0.31, -0.58, -0.04, -0.24, -0.56,  0.10, -0.48, -1.15,  0.34,  0.06,  0.32, -0.18, -0.16,  0.00, -0.30, -0.58, -0.73, -0.49,---,---,---,---,---,---,---,---,---
199106, -7.05, -7.57, -6.53, -7.53, -7.85, -7.19, -7.77, -7.35, -8.27, -7.24, -8.56, -5.98, -6.44, -7.79, -5.32, -4.93, -5.98, -4.24,---,---,---,---,---,---,---,---,---
199107,  2.02,  2.78,  1.28,  2.90,  3.43,  2.33,  4.34,  4.15,  4.58,  1.07,  2.38, -0.13,  0.11,  1.39, -0.93, -1.70, -0.88, -2.23,---,---,---,---,---,---,---,---,---
199108, -7.49, -7.01, -7.97, -6.64, -6.40, -6.90, -5.69, -6.17, -5.11, -7.88, -6.75, -8.95, -9.05, -7.88,-10.02,-11.28,-10.55,-11.76,---,---,---,---,---,---,---,---,---
199109,  6.71,  6.87,  6.54,  6.37,  6.59,  6.12,  4.61,  5.15,  3.96,  8.72,  8.75,  8.70,  8.58,  8.70,  8.47,  8.29,  8.58,  8.10,---,---,---,---,---,---,---,---,---
199110,  1.74,  1.55,  1.94,  1.53,  1.15,  1.94,  1.74,  0.82,  2.86,  1.25,  1.61,  0.90,  1.75,  2.28,  1.29,  2.74,  3.92,  1.95,---,---,---,---,---,---,---,---,---
199111, -8.79, -8.86, -8.73, -8.30, -8.58, -7.99, -7.92, -9.00, -6.63, -8.78, -7.99, -9.56, -9.54, -8.71,-10.25,-11.03,-10.46,-11.42,---,---,---,---,---,---,---,---,---
199112, -0.47, -0.08, -0.87, -0.30, -0.07, -0.56, -0.48, -0.18, -0.84, -0.07,  0.09, -0.22, -0.46,  0.02, -0.89, -1.27, -0.14, -2.04,---,---,---,---,---,---,---,---,---
199201, -3.86, -3.46, -4.24, -3.98, -3.35, -4.62, -4.32, -2.43, -6.36, -3.54, -4.65, -2.50, -3.46, -4.24, -2.80, -3.26, -4.04, -2.60,---,---,---,---,---,---,---,---,---
199202, -3.83, -4.23, -3.44, -4.31, -4.75, -3.86, -5.11, -5.27, -4.94, -3.28, -4.02, -2.60, -2.72, -3.22, -2.29, -1.58, -1.49, -1.66,---,---,---,---,---,---,---,---,---
199203, -8.14, -7.46, -8.82, -8.02, -7.31, -8.73, -7.86, -6.99, -8.83, -8.22, -7.76, -8.63, -8.38, -7.90, -8.81, -8.72, -8.21, -9.15,---,---,---,---,---,---,---,---,---
199204, -5.60, -4.91, -6.29, -4.95, -4.05, -5.87, -2.78, -0.49, -5.39, -7.70, -9.11, -6.41, -8.00, -9.17, -6.97, -8.63, -9.28, -8.07,---,---,---,---,---,---,---,---,---
199205,  4.38,  3.61,  5.15,  3.84,  3.00,  4.72,  2.09,  0.87,  3.56,  6.18,  6.31,  6.06,  6.43,  6.51,  6.36,  6.94,  6.91,  6.96,---,---,---,---,---,---,---,---,---
199206, -9.62, -9.81, -9.44, -9.62, -9.79, -9.45, -9.30, -8.88, -9.79,-10.03,-11.12, -9.07, -9.90,-10.73, -9.18, -9.63, -9.91, -9.40,---,---,---,---,---,---,---,---,---
199207, -2.72, -2.10, -3.34, -1.75, -1.35, -2.16, -0.65, -1.80,  0.71, -3.19, -0.68, -5.36, -4.52, -2.41, -6.32, -7.22, -5.98, -8.25,---,---,---,---,---,---,---,---,---
199208, 11.59, 10.78, 12.40, 12.18, 11.29, 13.10, 12.23, 10.22, 14.54, 12.11, 12.90, 11.40, 11.01, 11.35, 10.70,  8.67,  7.97,  9.27,---,---,---,---,---,---,---,---,---
199209, -5.05, -4.66, -5.43, -5.33, -4.93, -5.73, -5.66, -5.49, -5.84, -4.89, -4.13, -5.59, -4.49, -3.82, -5.09, -3.62, -3.14, -4.03,---,---,---,---,---,---,---,---,---
199210, -2.80, -2.57, -3.02, -2.73, -2.52, -2.94, -2.38, -2.04, -2.76, -3.18, -3.22, -3.15, -3.17, -3.10, -3.23, -3.14, -2.83, -3.40,---,---,---,---,---,---,---,---,---
199211,  2.92,  2.68,  3.17,  3.21,  2.97,  3.46,  3.51,  3.08,  4.00,  2.81,  2.82,  2.81,  2.39,  2.28,  2.49,  1.47,  1.06,  1.83,---,---,---,---,---,---,---,---,---
199212, -0.93, -1.09, -0.78, -1.16, -1.38, -0.92, -0.68, -0.82, -0.52, -1.80, -2.20, -1.42, -1.16, -1.36, -0.99,  0.22,  0.58, -0.09,---,---,---,---,---,---,---,---,---
199301, -0.70, -0.88, -0.52, -0.49, -0.66, -0.32, -0.20, -0.61,  0.18, -0.88, -0.72, -1.03, -1.17, -0.99, -1.35, -1.79, -1.93, -1.63,---,---,---,---,---,---,---,---,---
199302, -1.14, -1.66, -0.63, -1.33, -2.03, -0.68, -1.14, -2.58,  0.18, -1.60, -1.29, -1.90, -1.13, -0.85, -1.43, -0.12,  0.05, -0.32,---,---,---,---,---,---,---,---,---
199303, 13.23, 14.32, 12.19, 13.26, 14.35, 12.24, 14.32, 15.76, 13.02, 11.78, 12.47, 11.11, 12.20, 13.04, 11.35, 13.11, 14.18, 11.90,---,---,---,---,---,---,---,---,---
199304, 13.54, 14.65, 12.46, 13.60, 14.70, 12.55, 14.06, 15.28, 12.93, 12.94, 13.90, 11.99, 13.05, 14.08, 11.97, 13.27, 14.42, 11.93,---,---,---,---,---,---,---,---,---
199305,  0.16,  0.11,  0.21, -1.30, -1.64, -0.98, -2.95, -4.02, -1.94,  1.05,  1.64,  0.45,  3.18,  3.89,  2.43,  7.69,  8.30,  6.96,---,---,---,---,---,---,---,---,---
199306, -4.43, -4.63, -4.22, -4.09, -4.36, -3.82, -3.97, -4.86, -3.15, -4.24, -3.72, -4.78, -4.84, -4.43, -5.28, -6.03, -5.75, -6.35,---,---,---,---,---,---,---,---,---
199307,  4.45,  4.29,  4.61,  4.87,  4.80,  4.93,  5.38,  5.25,  5.49,  4.17,  4.23,  4.11,  3.60,  3.48,  3.72,  2.44,  2.08,  2.86,---,---,---,---,---,---,---,---,---
199308,  2.10,  2.30,  1.90,  2.19,  2.45,  1.94,  2.30,  2.75,  1.89,  2.04,  2.07,  2.01,  1.91,  1.91,  1.91,  1.64,  1.60,  1.68,---,---,---,---,---,---,---,---,---
199309, -3.25, -3.78, -2.73, -3.50, -3.92, -3.09, -4.09, -4.01, -4.15, -2.67, -3.79, -1.52, -2.47, -3.59, -1.26, -2.05, -3.18, -0.72,---,---,---,---,---,---,---,---,---
199310, -0.59, -0.28, -0.89,  0.54,  0.99,  0.11,  2.43,  3.30,  1.64, -2.05, -2.02, -2.09, -3.37, -3.34, -3.40, -6.06, -5.88, -6.27,---,---,---,---,---,---,---,---,---
199311,-14.60,-14.95,-14.25,-14.07,-14.26,-13.88,-13.38,-13.19,-13.57,-15.04,-15.73,-14.35,-15.79,-16.57,-14.96,-17.37,-18.23,-16.37,---,---,---,---,---,---,---,---,---
199312,  4.74,  5.48,  4.02,  4.71,  5.54,  3.93,  5.11,  6.57,  3.75,  4.14,  4.08,  4.19,  4.37,  4.45,  4.30,  4.89,  5.20,  4.55,---,---,---,---,---,---,---,---,---
199401, 13.47, 14.26, 12.72, 13.10, 13.87, 12.40, 13.60, 13.84, 13.39, 12.36, 13.91, 10.78, 13.34, 14.65, 11.85, 15.50, 16.03, 14.80,---,---,---,---,---,---,---,---,---
199402,  0.32,  0.59,  0.06,  0.15,  0.46, -0.13,  0.21,  0.68, -0.19,  0.07,  0.18, -0.03,  0.44,  0.51,  0.34,  1.22,  1.17,  1.29,---,---,---,---,---,---,---,---,---
199403, -3.43, -2.77, -4.08, -4.12, -3.55, -4.64, -5.17, -4.28, -5.92, -2.52, -2.58, -2.47, -1.64, -1.43, -1.88,  0.23,  0.77, -0.48,---,---,---,---,---,---,---,---,---
199404,  2.18,  3.34,  1.04,  2.06,  3.27,  0.93,  1.87,  3.29,  0.66,  2.33,  3.24,  1.37,  2.49,  3.39,  1.48,  2.84,  3.68,  1.73,---,---,---,---,---,---,---,---,---
199405,  4.69,  6.19,  3.18,  4.97,  6.67,  3.35,  5.21,  7.36,  3.32,  4.62,  5.75,  3.41,  4.19,  5.19,  3.03,  3.30,  4.14,  2.15,---,---,---,---,---,---,---,---,---
199406, -0.16, -0.05, -0.26, -0.72, -0.80, -0.64, -1.15, -1.34, -0.98, -0.09, -0.08, -0.10,  0.83,  1.07,  0.55,  2.76,  3.24,  2.09,---,---,---,---,---,---,---,---,---
199407, -2.16, -2.16, -2.16, -2.17, -2.17, -2.17, -2.78, -3.05, -2.52, -1.29, -1.00, -1.61, -1.56, -1.40, -1.76, -2.12, -2.13, -2.10,---,---,---,---,---,---,---,---,---
199408,  0.45,  0.99, -0.11,  0.78,  1.41,  0.16,  1.25,  2.29,  0.31,  0.10,  0.28, -0.09, -0.32, -0.11, -0.57, -1.18, -0.82, -1.68,---,---,---,---,---,---,---,---,---
199409, -3.50, -3.28, -3.74, -3.20, -2.91, -3.48, -3.07, -2.49, -3.61, -3.38, -3.47, -3.28, -3.93, -3.97, -3.87, -5.06, -4.88, -5.30,---,---,---,---,---,---,---,---,---
199410,  0.38,  1.18, -0.47,  0.57,  1.42, -0.27,  0.94,  2.03, -0.07,  0.03,  0.61, -0.60, -0.18,  0.45, -0.94, -0.63,  0.15, -1.73,---,---,---,---,---,---,---,---,---
199411, -4.16, -4.48, -3.81, -3.76, -4.08, -3.44, -3.71, -4.11, -3.33, -3.84, -4.04, -3.63, -4.60, -4.79, -4.35, -6.21, -6.25, -6.14,---,---,---,---,---,---,---,---,---
199412,  2.28,  2.14,  2.43,  1.98,  1.71,  2.25,  1.98,  1.31,  2.61,  1.98,  2.26,  1.67,  2.58,  2.88,  2.21,  3.88,  4.09,  3.57,---,---,---,---,---,---,---,---,---
199501, -6.94, -6.11, -7.72, -7.45, -6.68, -8.17, -8.16, -8.15, -8.16, -6.40, -4.54, -8.19, -5.69, -4.20, -7.07, -4.37, -3.41, -5.36,---,---,---,---,---,---,---,---,---
199502, -7.68, -7.92, -7.45, -7.33, -7.71, -6.96, -6.70, -6.99, -6.43, -8.24, -8.72, -7.76, -8.62, -8.77, -8.46, -9.38, -8.88, -9.90,---,---,---,---,---,---,---,---,---
199503, -1.89, -2.17, -1.63, -1.28, -1.65, -0.93, -0.61, -1.08, -0.18, -2.26, -2.46, -2.06, -3.15, -3.19, -3.12, -4.95, -4.60, -5.33,---,---,---,---,---,---,---,---,---
199504,  0.88,  0.81,  0.95,  1.08,  0.96,  1.19,  1.42,  0.89,  1.91,  0.56,  1.06,  0.08,  0.33,  0.73, -0.07, -0.13,  0.08, -0.37,---,---,---,---,---,---,---,---,---
199505, -6.11, -6.11, -6.11, -5.63, -5.64, -5.63, -5.26, -5.42, -5.11, -6.20, -5.95, -6.45, -6.98, -6.77, -7.20, -8.60, -8.41, -8.80,---,---,---,---,---,---,---,---,---
199506, -3.34, -3.74, -2.96, -3.11, -3.50, -2.74, -2.50, -2.49, -2.50, -4.03, -4.96, -3.11, -4.22, -4.96, -3.45, -4.60, -4.96, -4.21,---,---,---,---,---,---,---,---,---
199507, 10.63, 11.08, 10.20, 10.57, 11.28,  9.91, 10.64, 12.21,  9.23, 10.46,  9.90, 11.01, 10.62,  9.96, 11.28, 10.96, 10.09, 11.89,---,---,---,---,---,---,---,---,---
199508,  8.02,  8.12,  7.92,  7.81,  8.12,  7.52,  7.43,  8.85,  6.13,  8.39,  7.01,  9.73,  8.64,  7.39,  9.88,  9.16,  8.15, 10.23,---,---,---,---,---,---,---,---,---
199509,  0.98,  0.32,  1.62,  1.34,  0.78,  1.87,  1.87,  1.95,  1.80,  0.52, -1.03,  1.99,  0.05, -1.37,  1.44, -0.93, -2.05,  0.22,---,---,---,---,---,---,---,---,---
199510, -1.33, -1.94, -0.76, -1.40, -2.05, -0.79, -1.74, -2.05, -1.45, -0.87, -2.06,  0.23, -0.90, -1.83, -0.02, -0.98, -1.37, -0.58,---,---,---,---,---,---,---,---,---
199511,  4.08,  5.08,  3.15,  4.03,  5.04,  3.10,  4.47,  5.21,  3.76,  3.37,  4.77,  2.11,  3.68,  4.94,  2.51,  4.35,  5.29,  3.40,---,---,---,---,---,---,---,---,---
199512,  6.08,  6.72,  5.47,  5.86,  6.46,  5.29,  6.03,  6.47,  5.62,  5.58,  6.43,  4.80,  6.13,  6.99,  5.32,  7.30,  8.12,  6.47,---,---,---,---,---,---,---,---,---
199601,  2.73,  3.59,  1.87,  2.36,  3.07,  1.66,  2.07,  3.00,  1.28,  2.80,  3.16,  2.37,  3.42,  4.09,  2.62,  4.71,  5.98,  3.12,---,---,---,---,---,---,---,---,---
199602, -2.91, -2.88, -2.93, -2.83, -2.74, -2.92, -3.27, -3.14, -3.37, -2.15, -2.20, -2.09, -2.53, -2.66, -2.38, -3.31, -3.55, -2.99,---,---,---,---,---,---,---,---,---
199603,  4.80,  5.27,  4.32,  4.85,  5.26,  4.43,  4.78,  4.98,  4.61,  4.93,  5.64,  4.10,  4.81,  5.52,  3.94,  4.56,  5.30,  3.62,---,---,---,---,---,---,---,---,---
199604,  4.79,  5.08,  4.50,  4.24,  4.40,  4.08,  3.83,  3.77,  3.88,  4.86,  5.21,  4.43,  5.77,  6.20,  5.25,  7.65,  8.16,  7.00,---,---,---,---,---,---,---,---,---
199605, -1.90, -1.65, -2.17, -2.07, -1.83, -2.30, -2.29, -1.94, -2.59, -1.73, -1.69, -1.78, -1.52, -1.41, -1.65, -1.09, -0.88, -1.38,---,---,---,---,---,---,---,---,---
199606,  2.16,  2.48,  1.82,  2.32,  2.75,  1.88,  2.91,  3.56,  2.34,  1.43,  1.72,  1.08,  1.41,  1.57,  1.20,  1.36,  1.28,  1.45,---,---,---,---,---,---,---,---,---
199607, -6.99, -7.11, -6.87, -6.64, -6.71, -6.58, -6.83, -6.73, -6.92, -6.37, -6.69, -5.96, -7.16, -7.43, -6.82, -8.74, -8.86, -8.58,---,---,---,---,---,---,---,---,---
199608, -2.64, -2.97, -2.30, -2.71, -3.13, -2.28, -2.28, -2.73, -1.87, -3.36, -3.66, -3.00, -3.02, -3.17, -2.82, -2.31, -2.21, -2.44,---,---,---,---,---,---,---,---,---
199609,  5.27,  5.68,  4.85,  5.80,  6.32,  5.29,  6.37,  7.03,  5.79,  4.93,  5.39,  4.39,  4.16,  4.52,  3.71,  2.59,  2.82,  2.29,---,---,---,---,---,---,---,---,---
199610, -4.69, -4.80, -4.57, -4.70, -4.86, -4.53, -4.87, -5.15, -4.63, -4.43, -4.49, -4.35, -4.50, -4.49, -4.50, -4.64, -4.49, -4.82,---,---,---,---,---,---,---,---,---
199611,  0.90,  1.25,  0.54,  1.67,  2.12,  1.21,  3.09,  4.26,  2.06, -0.54, -0.70, -0.34, -1.37, -1.39, -1.35, -3.09, -2.75, -3.53,---,---,---,---,---,---,---,---,---
199612, -4.93, -5.55, -4.26, -4.20, -4.79, -3.60, -3.30, -3.19, -3.40, -5.63, -7.00, -3.97, -6.69, -7.74, -5.38, -8.92, -9.24, -8.49,---,---,---,---,---,---,---,---,---
199701, -5.19, -4.55, -5.77, -5.10, -4.23, -5.87, -5.27, -2.88, -7.07, -4.82, -6.01, -3.43, -5.09, -6.05, -3.98, -5.66, -6.11, -5.14,---,---,---,---,---,---, -5.14, -4.44, -5.77
199702,  0.79,  0.19,  1.36,  1.16,  0.40,  1.85,  1.38,  0.23,  2.28,  0.81,  0.63,  1.01,  0.14,  0.15,  0.13, -1.27, -0.87, -1.73,---,---,---,---,---,---,  0.93,  0.30,  1.50
199703, -0.61, -0.52, -0.70,  0.05,  0.18, -0.07,  0.61,  1.06,  0.27, -0.89, -1.01, -0.75, -1.99, -1.98, -2.01, -4.37, -4.03, -4.75,---,---,---,---,---,---, -0.40, -0.27, -0.51
199704,  5.11,  3.65,  6.46,  5.72,  4.30,  6.99,  6.43,  5.25,  7.35,  4.53,  3.00,  6.26,  3.58,  2.13,  5.24,  1.48,  0.24,  2.91,---,---,---,---,---,---,  5.40,  3.93,  6.74
199705,  3.14,  3.14,  3.14,  2.63,  2.68,  2.58,  1.86,  2.40,  1.46,  3.93,  3.08,  4.86,  4.65,  3.86,  5.53,  6.32,  5.63,  7.10,---,---,---,---,---,---,  2.97,  2.97,  2.97
199706,  3.52,  3.91,  3.17,  3.94,  4.53,  3.42,  4.55,  5.18,  4.07,  2.91,  3.61,  2.15,  2.33,  2.68,  1.94,  1.02,  0.64,  1.44,---,---,---,---,---,---,  3.66,  4.15,  3.23
199707, -0.14, -3.41,  2.82,  0.78, -2.75,  3.89,  1.73, -1.73,  4.41, -0.83, -4.21,  2.86, -2.35, -5.06,  0.61, -5.83, -6.98, -4.55,---,---,---,---,---,---,  0.25, -3.15,  3.27
199708, -8.11, -7.49, -8.65, -7.94, -7.32, -8.45, -8.05, -8.25, -7.90, -7.74, -5.96, -9.54, -8.19, -6.70, -9.72, -9.26, -8.43,-10.16,---,---,---,---,---,---, -8.15, -7.49, -8.71
199709, -2.50, -5.61,  0.17, -1.16, -4.45,  1.59,  0.79, -3.55,  3.93, -4.52, -5.74, -3.24, -6.54, -7.67, -5.35,-11.51,-12.33,-10.61,---,---,---,---,---,---, -1.96, -5.17,  0.75
199710, -6.65, -5.15, -7.86, -7.51, -6.03, -8.68, -9.68, -8.29,-10.61, -3.57, -2.75, -4.40, -2.63, -1.86, -3.43, -0.17,  0.44, -0.81,---,---,---,---,---,---, -6.96, -5.45, -8.17
199711, -2.26, -5.67,  0.58, -1.07, -4.73,  1.88,  1.30, -3.19,  4.40, -5.12, -6.83, -3.33, -6.64, -8.09, -5.12,-10.54,-11.26, -9.76,---,---,---,---,---,---, -1.76, -5.30,  1.13
199712, -5.42, -7.06, -4.14, -4.48, -6.13, -3.24, -1.89, -3.13, -1.09, -9.21,-10.39, -8.03,-10.13,-11.12, -9.14,-12.63,-13.03,-12.21,---,---,---,---,---,---, -5.16, -6.83, -3.88
199801,  7.46, 12.33,  3.18,  6.06, 10.48,  2.63,  2.88,  5.93,  1.24, 12.98, 16.01,  7.90, 14.80, 17.76,  9.09, 19.87, 21.80, 14.03,---,---,---,---,---,---,  6.97, 11.73,  2.99
199802,  0.22,  2.30, -1.76, -0.37,  1.56, -1.97, -1.61, -0.13, -2.44,  2.09,  3.43, -0.31,  2.86,  4.15,  0.16,  4.86,  5.74,  2.02,---,---,---,---,---,---, -0.02,  2.07, -1.91
199803, -0.50, -0.73, -0.28, -0.12, -0.11, -0.14,  0.50,  1.62, -0.14, -1.32, -1.97, -0.11, -1.89, -2.46, -0.67, -3.34, -3.50, -2.80,---,---,---,---,---,---, -0.31, -0.51, -0.12
199804, -1.83, -3.72,  0.04, -1.51, -3.34,  0.07, -0.34, -1.83,  0.53, -3.78, -5.00, -1.54, -3.93, -5.16, -1.30, -4.32, -5.52, -0.37,---,---,---,---,---,---, -1.71, -3.62,  0.07
199805,  0.19,  0.19,  0.20,  0.17,  0.22,  0.13, -0.38, -0.36, -0.39,  1.27,  0.88,  1.96,  1.03,  0.62,  1.86,  0.40,  0.06,  1.44,---,---,---,---,---,---,  0.22,  0.22,  0.22
199806,  1.12,  1.80,  0.48,  1.14,  1.91,  0.51,  1.56,  2.31,  1.13,  0.33,  1.45, -1.63,  0.50,  1.40, -1.32,  0.96,  1.30, -0.09,---,---,---,---,---,---,  1.14,  1.84,  0.52
199807,  3.16,  2.17,  4.12,  3.19,  2.14,  4.08,  3.10,  2.16,  3.64,  3.37,  2.11,  5.65,  3.25,  2.17,  5.47,  2.91,  2.31,  4.78,---,---,---,---,---,---,  3.18,  2.13,  4.14
199808,-11.48,-11.74,-11.23,-11.58,-11.83,-11.38,-12.23,-12.23,-12.24,-10.28,-11.38, -8.37,-10.38,-11.36, -8.41,-10.63,-11.30, -8.57,---,---,---,---,---,---,-11.49,-11.76,-11.25
199809, -5.39, -5.83, -4.97, -5.10, -5.46, -4.82, -5.44, -6.45, -4.87, -4.45, -4.34, -4.64, -5.31, -5.35, -5.24, -7.60, -7.60, -7.58,---,---,---,---,---,---, -5.27, -5.67, -4.92
199810, -1.85,  0.49, -4.02, -1.63,  1.29, -4.01, -1.69,  2.84, -4.21, -1.51, -0.42, -3.33, -2.07, -1.33, -3.50, -3.61, -3.42, -4.15,---,---,---,---,---,---, -1.79,  0.73, -4.02
199811, 10.01,  9.37, 10.64,  9.79,  8.81, 10.64, 10.42,  9.86, 10.74,  8.59,  7.61, 10.28,  9.44,  8.96, 10.38, 11.84, 12.19, 10.81,---,---,---,---,---,---,  9.93,  9.15, 10.64
199812, -4.18, -4.12, -4.25, -4.07, -3.75, -4.34, -4.05, -2.85, -4.75, -4.12, -4.80, -2.97, -4.38, -5.14, -2.88, -5.07, -5.91, -2.53,---,---,---,---,---,---, -4.08, -3.86, -4.27
199901,  2.81,  3.12,  2.51,  2.74,  3.15,  2.40,  3.12,  4.13,  2.53,  1.99,  2.01,  1.95,  2.35,  2.29,  2.46,  3.38,  2.94,  4.95,---,---,---,---,---,---,  2.82,  3.18,  2.50
199902, -0.40, -1.02,  0.18, -0.56, -1.17, -0.06, -0.55, -1.31, -0.10, -0.60, -1.01,  0.08, -0.19, -0.78,  0.97,  0.97, -0.26,  5.24,---,---,---,---,---,---, -0.55, -1.25,  0.09
199903, 13.41, 13.50, 13.33, 13.37, 13.61, 13.17, 13.60, 14.52, 13.08, 12.89, 12.52, 13.48, 13.12, 12.65, 14.02, 13.78, 12.96, 16.47,---,---,---,---,---,---, 13.38, 13.50, 13.28
199904,  5.04,  5.50,  4.60,  4.50,  4.58,  4.44,  4.18,  3.62,  4.50,  5.17,  5.73,  4.26,  6.32,  7.06,  4.89,  9.51, 10.10,  7.67,---,---,---,---,---,---,  4.77,  5.05,  4.51
199905, -2.56, -3.71, -1.47, -2.44, -3.80, -1.32, -2.44, -4.60, -1.20, -2.42, -2.85, -1.73, -2.73, -2.99, -2.20, -3.53, -3.32, -4.23,---,---,---,---,---,---, -2.47, -3.65, -1.42
199906,  9.75,  7.56, 11.78,  9.23,  6.71, 11.28, 10.19,  8.84, 10.95,  7.32,  4.22, 12.38,  9.10,  6.53, 14.08, 13.91, 11.58, 21.50,---,---,---,---,---,---,  9.49,  7.04, 11.64
199907,  4.44,  3.70,  5.10,  4.73,  4.05,  5.27,  6.09,  7.09,  5.54,  1.94,  0.34,  4.36,  1.99,  0.92,  3.92,  2.13,  2.12,  2.14,---,---,---,---,---,---,  4.51,  3.78,  5.13
199908, -2.39, -2.01, -2.72, -2.71, -2.14, -3.14, -4.42, -3.07, -5.18,  0.96, -0.92,  3.69,  0.74, -1.09,  3.93,  0.18, -1.41,  4.89,---,---,---,---,---,---, -2.51, -2.16, -2.81
199909,  2.87,  1.70,  3.91,  3.09,  2.21,  3.77,  3.91,  3.11,  4.37,  1.44,  1.08,  1.94,  1.36,  0.51,  2.77,  1.17, -0.64,  6.18,---,---,---,---,---,---,  2.96,  1.83,  3.90
199910,  2.32, -0.38,  4.67,  2.93,  0.38,  4.88,  3.34, -0.17,  5.33,  2.10,  1.10,  3.46,  0.82, -0.57,  3.05, -2.47, -4.00,  1.47,---,---,---,---,---,---,  2.53, -0.11,  4.70
199911,  4.39, -0.44,  8.38,  4.93,  0.43,  8.21,  7.49,  5.77,  8.42, -0.42, -6.40,  7.56, -0.34, -5.88,  8.30, -0.11, -4.77, 11.22,---,---,---,---,---,---,  4.68, -0.15,  8.46
199912,  6.26,  0.33, 10.76,  7.25,  1.38, 11.23,  9.38,  5.88, 11.21,  2.44, -5.13, 11.30,  1.11, -5.12,  9.63, -2.40, -5.12,  3.29,---,---,---,---,---,---,  6.69,  0.83, 10.91
200001, -0.61,  2.63, -3.35, -1.04,  2.35, -3.62, -2.94,  0.12, -4.76,  4.45,  6.32,  1.58,  4.41,  5.74,  1.99,  4.30,  4.38,  4.02,  4.09,  4.28,  3.61,  4.59,  4.52,  4.93, -0.74,  2.57, -3.44
200002,  1.10, -5.04,  6.63,  1.17, -5.61,  6.66,  2.44, -4.80,  6.96, -2.22, -6.95,  5.34, -1.59, -5.33,  5.46,  0.28, -1.48,  6.02,  0.41, -1.50,  5.52,  0.09, -1.46,  7.10,  1.11, -5.24,  6.64
200003, -0.12,  5.82, -4.89, -0.35,  6.04, -4.92, -0.41,  6.48, -4.24, -0.17,  5.27, -7.86,  0.49,  5.04, -7.22,  2.37,  4.52, -4.15,  2.53,  5.09, -3.90,  2.67,  4.42, -4.62, -0.11,  6.05, -4.86
200004, -2.92, -1.08, -4.55, -2.69, -0.43, -4.49, -3.44, -0.87, -5.02, -0.60,  0.33, -2.11, -1.84, -1.32, -2.82, -5.33, -5.10, -6.09, -3.87, -3.81, -4.01, -7.41, -6.72,-10.53, -2.77, -0.80, -4.46
200005, -6.19,  0.40,-12.25, -7.00, -0.25,-12.59, -9.43, -3.10,-13.48, -0.42,  4.61, -8.69,  0.37,  4.60, -7.78,  2.72,  4.58, -3.39,  2.80,  5.24, -3.75,  2.56,  3.62, -2.39, -6.43,  0.25,-12.36
200006,  5.24,  7.11,  3.28,  4.78,  6.39,  3.27,  3.62,  4.85,  2.73,  7.66,  8.82,  5.47,  8.21,  9.62,  5.13,  9.80, 11.56,  3.58,  9.21, 11.41,  2.77, 10.26, 11.25,  5.35,  5.13,  6.96,  3.26
200007, -8.46, -7.15, -9.90, -8.39, -6.93, -9.81, -8.54, -7.58, -9.24, -8.04, -5.93,-12.13, -8.32, -6.68,-12.07, -9.12, -8.43,-11.77, -9.65, -8.86,-12.20, -8.33, -7.86,-10.83, -8.48, -7.14, -9.89
200008,  3.92,  2.07,  5.99,  3.75,  1.57,  5.94,  3.91,  1.07,  6.02,  3.38,  2.30,  5.62,  3.93,  3.13,  5.88,  5.50,  5.11,  7.04,  5.98,  5.68,  6.99,  4.80,  4.37,  7.14,  3.90,  1.98,  5.98
200009, -3.12, -1.52, -4.82, -3.06, -1.28, -4.74, -3.97, -2.20, -5.17, -0.94,  0.06, -2.94, -1.66, -0.83, -3.62, -3.67, -2.88, -6.74, -3.95, -2.83, -7.63, -3.30, -3.00, -4.83, -3.13, -1.47, -4.82
200010, -6.22, -2.65,-10.22, -5.95, -1.79,-10.10, -6.34, -0.75,-10.44, -5.04, -3.28, -8.69, -6.01, -4.59, -9.45, -8.77, -7.72,-13.05, -8.49, -6.98,-13.74, -9.19, -8.74,-11.62, -6.11, -2.33,-10.20
200011, -1.00, -0.81, -1.24, -1.34, -1.50, -1.18, -2.33, -4.21, -0.80,  0.89,  2.52, -2.71,  1.26,  2.80, -2.70,  2.35,  3.51, -2.64,  2.64,  4.14, -2.98,  1.91,  2.62, -1.95, -1.07, -0.95, -1.22
200012, -4.77, -2.16, -7.95, -4.73, -1.75, -7.97, -5.54, -1.50, -8.71, -2.95, -2.10, -4.91, -3.50, -2.81, -5.36, -5.11, -4.58, -7.54, -5.37, -4.63, -8.37, -4.71, -4.51, -5.87, -4.77, -2.04, -7.98
200101,  1.12,  0.41,  1.79,  1.09,  0.28,  1.76,  1.69,  1.04,  2.09, -0.32, -0.76,  0.46,  0.12, -0.22,  0.81,  1.50,  1.20,  2.41,  0.84,  0.83,  0.87,  2.46,  1.66,  6.29,  1.09,  0.36,  1.75
200102, -4.24, -1.55, -6.72, -4.81, -2.21, -6.97, -5.96, -4.28, -6.97, -2.08,  0.69, -6.94, -1.16,  1.23, -5.89,  1.70,  2.64, -1.17,  0.33,  1.50, -2.46,  3.69,  4.07,  1.96, -4.48, -1.84, -6.81
200103,  3.53,  2.39,  4.66,  3.47,  1.99,  4.79,  3.29,  1.10,  4.68,  3.88,  3.17,  5.21,  3.92,  3.61,  4.57,  4.03,  4.72,  1.85,  3.30,  4.18,  1.12,  5.06,  5.39,  3.54,  3.46,  2.20,  4.66
200104,  6.58,  7.80,  5.43,  6.36,  7.41,  5.47,  5.27,  5.40,  5.19,  8.90, 10.16,  6.61,  8.86, 10.14,  6.20,  8.74, 10.10,  4.39,  8.96, 10.66,  4.68,  8.43,  9.42,  3.75,  6.54,  7.75,  5.45
200105, -3.66, -3.87, -3.46, -3.84, -4.09, -3.63, -3.84, -4.07, -3.70, -3.85, -4.12, -3.34, -3.36, -3.69, -2.65, -1.93, -2.63,  0.45, -1.95, -2.69,  0.03, -1.90, -2.56,  1.39, -3.73, -3.96, -3.51
200106, -0.80,  1.31, -2.83, -1.13,  0.88, -2.86, -1.83,  0.04, -2.97,  0.44,  1.98, -2.43,  0.93,  2.48, -2.36,  2.38,  3.73, -2.03,  2.25,  3.99, -2.29,  2.56,  3.40, -1.45, -0.91,  1.18, -2.84
200107, -8.26, -6.68, -9.85, -8.39, -6.70, -9.89, -9.38, -8.27,-10.08, -6.20, -4.69, -9.15, -6.44, -5.24, -9.13, -7.13, -6.58, -9.04, -6.61, -5.84, -8.78, -7.84, -7.49, -9.63, -8.28, -6.63, -9.86
200108, -6.94, -3.03,-11.01, -7.32, -3.16,-11.16, -8.26, -2.62,-11.86, -5.34, -3.83, -8.41, -4.85, -3.38, -8.28, -3.47, -2.29, -7.73, -4.75, -3.22, -9.15, -1.68, -1.12, -4.58, -7.13, -3.15,-11.09
200109, -7.75, -8.95, -6.40, -7.76, -9.14, -6.38, -7.83,-10.50, -5.95, -7.60, -7.40, -8.01, -7.62, -7.56, -7.77, -7.68, -7.93, -6.72, -7.06, -7.20, -6.62, -8.52, -8.82, -6.94, -7.74, -8.99, -6.39
200110,  3.68,  1.90,  5.64,  3.56,  1.52,  5.55,  3.37,  0.53,  5.28,  3.93,  2.70,  6.56,  4.14,  3.07,  6.77,  4.74,  3.97,  7.62,  4.14,  3.10,  7.33,  5.57,  5.06,  8.23,  3.62,  1.73,  5.62
200111,  0.09, -3.50,  3.93,  0.67, -3.23,  4.33,  2.35, -2.30,  5.33, -2.76, -4.34,  0.52, -3.29, -4.51, -0.40, -4.78, -4.92, -4.28, -4.40, -4.74, -3.42, -5.31, -5.15, -6.10,  0.30, -3.41,  4.06
200112, -1.30, -1.70, -0.90, -0.90, -1.18, -0.67, -0.74, -1.55, -0.26, -1.25, -0.73, -2.30, -2.18, -1.83, -2.99, -4.83, -4.50, -6.02, -4.37, -4.01, -5.42, -5.46, -5.09, -7.30, -1.15, -1.50, -0.82
200201, -5.57, -4.80, -6.33, -5.75, -5.01, -6.40, -6.31, -5.68, -6.68, -4.54, -4.21, -5.22, -4.37, -4.04, -5.13, -3.86, -3.63, -4.71, -4.82, -4.56, -5.57, -2.51, -2.46, -2.80, -5.69, -4.95, -6.37
200202,  4.39,  4.78,  4.00,  4.09,  3.97,  4.19,  3.92,  3.63,  4.07,  4.32,  4.23,  4.45,  4.83,  5.35,  3.89,  5.93,  7.16,  1.67,  5.76,  6.99,  2.06,  6.37,  7.56,  0.20,  4.36,  4.68,  4.05
200203,  4.76,  4.32,  5.21,  5.00,  4.76,  5.20,  5.80,  6.11,  5.64,  3.93,  3.69,  4.26,  3.81,  3.46,  4.47,  3.57,  3.08,  5.36,  3.53,  2.80,  5.83,  3.67,  3.70,  3.51,  4.81,  4.37,  5.23
200204,  2.20,  1.81,  2.58,  2.13,  1.62,  2.54,  1.49,  0.83,  1.83,  3.02,  2.26,  4.08,  2.86,  2.30,  3.90,  2.53,  2.35,  3.16,  2.61,  2.43,  3.15,  2.34,  2.19,  3.19,  2.23,  1.85,  2.59
200205,  3.57,  5.52,  1.64,  3.05,  5.25,  1.31,  2.50,  5.15,  1.12,  3.81,  5.33,  1.72,  4.56,  5.70,  2.52,  6.17,  6.28,  5.77,  6.23,  6.39,  5.73,  6.03,  6.04,  5.93,  3.51,  5.51,  1.61
200206, -8.19, -8.11, -8.28, -8.46, -8.51, -8.42, -8.92, -9.78, -8.46, -7.84, -7.50, -8.33, -7.53, -7.30, -7.96, -6.88, -6.99, -6.52, -6.89, -6.97, -6.65, -6.87, -7.02, -6.02, -8.26, -8.22, -8.31
200207, -6.16, -4.56, -7.81, -6.87, -5.40, -8.08, -7.19, -4.94, -8.37, -6.46, -5.75, -7.47, -5.25, -4.39, -6.85, -2.74, -2.25, -4.46, -3.38, -2.79, -5.18, -1.17, -1.08, -1.65, -6.32, -4.75, -7.86
200208, -2.24, -2.43, -2.04, -2.16, -2.57, -1.81, -2.00, -2.92, -1.49, -2.37, -2.29, -2.49, -2.46, -2.21, -2.95, -2.64, -2.08, -4.67, -2.40, -1.68, -4.64, -3.22, -2.94, -4.79, -2.23, -2.45, -2.01
200209, -1.81, -0.10, -3.62, -2.07, -0.32, -3.52, -2.49, -1.02, -3.29, -1.51,  0.22, -4.02, -1.21,  0.32, -4.17, -0.62,  0.48, -4.73, -0.16,  1.34, -4.98, -1.75, -1.40, -3.75, -1.79, -0.02, -3.58
200210, -6.10, -7.19, -4.91, -5.99, -7.62, -4.59, -5.17, -8.78, -3.17, -7.06, -6.72, -7.58, -6.91, -6.46, -7.81, -6.60, -6.07, -8.69, -6.20, -5.61, -8.22, -7.59, -7.09,-10.47, -6.07, -7.23, -4.86
200211,  3.34,  1.83,  4.95,  4.15,  2.84,  5.24,  4.06,  2.54,  4.86,  4.27,  3.07,  6.08,  2.70,  1.51,  5.10, -0.40, -0.81,  1.27,  0.19, -0.41,  2.28, -1.88, -1.75, -2.64,  3.55,  2.09,  5.03
200212, -5.33, -4.16, -6.44, -5.53, -4.25, -6.53, -6.50, -5.88, -6.87, -4.18, -2.68, -5.89, -4.20, -3.13, -5.80, -4.26, -3.84, -5.44, -4.41, -3.75, -6.10, -3.91, -4.03, -3.47, -5.36, -4.17, -6.46
200301, -2.64, -1.14, -4.09, -2.98, -1.40, -4.25, -4.05, -2.70, -4.85, -1.54, -0.19, -3.14, -1.32, -0.24, -2.96, -0.81, -0.32, -2.25, -1.62, -1.04, -3.12,  0.94,  1.12,  0.26, -2.75, -1.28, -4.15
200302, -0.24,  0.93, -1.41, -0.86, -0.08, -1.50, -1.55, -0.64, -2.11,  0.06,  0.42, -0.38,  0.96,  1.81, -0.39,  2.95,  4.08, -0.41,  2.42,  3.44, -0.30,  4.07,  5.33, -0.72, -0.36,  0.73, -1.42
200303, -3.36, -3.05, -3.68, -4.00, -4.12, -3.91, -4.66, -5.76, -3.97, -3.15, -2.63, -3.79, -2.21, -1.56, -3.25, -0.16,  0.13, -1.08, -0.59, -0.32, -1.37,  0.74,  0.99, -0.30, -3.50, -3.27, -3.74
200304,  0.60,  1.31, -0.13, -0.09,  0.50, -0.58, -0.99, -0.75, -1.13,  1.07,  1.59,  0.42,  1.99,  2.40,  1.31,  3.91,  3.65,  4.73,  3.36,  2.95,  4.54,  5.02,  4.96,  5.25,  0.49,  1.14, -0.17
200305,  4.96,  4.29,  5.66,  4.95,  3.95,  5.80,  5.22,  4.54,  5.64,  4.61,  3.44,  6.09,  4.74,  4.16,  5.69,  4.99,  5.24,  4.23,  4.35,  4.40,  4.18,  6.30,  6.78,  4.34,  4.91,  4.16,  5.66
200306,  7.93,  8.62,  7.22,  7.82,  8.50,  7.25,  7.72,  8.87,  7.03,  7.95,  8.19,  7.66,  8.11,  8.50,  7.48,  8.44,  8.95,  6.82,  8.21,  8.58,  7.17,  8.89,  9.61,  5.88,  7.91,  8.60,  7.24
200307,  4.23,  3.89,  4.58,  4.65,  4.67,  4.64,  4.80,  5.79,  4.19,  4.47,  3.70,  5.42,  3.75,  2.91,  5.13,  2.28,  1.75,  4.00,  2.23,  1.43,  4.46,  2.39,  2.32,  2.73,  4.29,  3.99,  4.60
200308,  6.64,  7.19,  6.08,  6.80,  7.57,  6.15,  6.12,  7.37,  5.34,  7.66,  7.75,  7.54,  7.09,  7.09,  7.09,  5.92,  6.11,  5.30,  5.89,  6.15,  5.18,  5.98,  6.06,  5.66,  6.68,  7.31,  6.05
200309,  1.98,  3.31,  0.58,  1.65,  3.27,  0.28, -0.16,  1.36, -1.13,  3.91,  4.97,  2.65,  3.79,  4.35,  2.89,  3.52,  3.41,  3.88,  2.85,  3.11,  2.11,  4.84,  3.94,  8.75,  1.94,  3.36,  0.50
200310,  2.83,  3.56,  2.05,  2.52,  3.65,  1.55,  0.70,  2.73, -0.60,  4.70,  4.43,  5.03,  4.56,  3.99,  5.49,  4.27,  3.31,  7.36,  4.01,  2.93,  7.08,  4.78,  3.99,  8.08,  2.69,  3.42,  1.94
200311, -3.89, -4.08, -3.67, -3.32, -3.22, -3.40, -1.61, -1.82, -1.47, -5.27, -4.40, -6.34, -5.67, -5.24, -6.35, -6.50, -6.52, -6.41, -5.70, -5.44, -6.39, -8.02, -8.40, -6.47, -3.74, -3.85, -3.63
200312,  4.35,  5.38,  3.27,  4.48,  5.76,  3.30,  3.78,  5.82,  2.10,  5.46,  5.68,  5.23,  4.91,  5.03,  4.75,  3.59,  3.86,  2.97,  3.89,  4.13,  3.41,  2.92,  3.34,  1.79,  4.41,  5.50,  3.30
200401,  0.76,  0.49,  1.04,  0.38, -0.03,  0.75,  0.54, -0.19,  1.16,  0.15,  0.18,  0.12,  0.97,  1.03,  0.90,  2.97,  2.58,  3.84,  2.29,  1.69,  3.50,  4.46,  4.36,  4.75,  0.62,  0.30,  0.95
200402,  2.94,  4.52,  1.27,  2.86,  4.47,  1.36,  2.69,  4.40,  1.25,  3.09,  4.55,  1.52,  3.19,  4.62,  1.29,  3.41,  4.74,  0.44,  3.38,  4.89,  0.35,  3.46,  4.45,  0.67,  2.94,  4.55,  1.28
200403,  9.36, 10.89,  7.70,  8.55, 10.32,  6.84,  7.79, 10.49,  5.43,  9.60, 10.12,  9.04, 10.90, 11.20, 10.48, 13.94, 13.13, 15.81, 13.20, 12.50, 14.65, 15.54, 14.36, 18.96,  9.14, 10.72,  7.47
200404,  0.94,  0.84,  1.05,  0.39,  0.23,  0.55,  0.89,  0.93,  0.85, -0.29, -0.64,  0.10,  0.99,  0.78,  1.29,  3.88,  3.22,  5.38,  2.78,  2.32,  3.70,  6.21,  4.95,  9.70,  0.77,  0.66,  0.88
200405, -3.78, -3.02, -4.64, -3.54, -2.78, -4.29, -4.12, -3.88, -4.34, -2.74, -1.41, -4.21, -3.47, -2.36, -4.98, -5.05, -3.93, -7.51, -4.39, -3.25, -6.67, -6.41, -5.21, -9.54, -3.65, -2.87, -4.50
200406,  4.69,  5.31,  3.98,  4.01,  4.73,  3.28,  3.16,  4.30,  2.12,  5.16,  5.26,  5.04,  6.12,  6.09,  6.16,  8.25,  7.51,  9.95,  8.16,  7.46,  9.63,  8.44,  7.59, 10.74,  4.57,  5.24,  3.82
200407, -4.22, -3.39, -5.17, -4.02, -3.31, -4.76, -3.26, -2.67, -3.82, -5.04, -4.08, -6.14, -5.08, -3.94, -6.70, -5.19, -3.70, -8.50, -5.27, -3.76, -8.33, -5.03, -3.57, -8.91, -4.18, -3.40, -5.07
200408, -1.17, -1.52, -0.76, -1.19, -1.60, -0.76, -1.43, -1.85, -1.03, -0.86, -1.29, -0.35, -0.92, -1.26, -0.43, -1.06, -1.21, -0.71, -1.35, -1.49, -1.06, -0.46, -0.69,  0.19, -1.20, -1.57, -0.78
200409, -2.07, -2.26, -1.84, -1.97, -2.43, -1.50, -2.26, -3.16, -1.41, -1.59, -1.56, -1.62, -1.89, -1.59, -2.33, -2.56, -1.63, -4.68, -2.77, -1.67, -5.07, -2.13, -1.56, -3.70, -2.05, -2.28, -1.79
200410, -1.44, -1.27, -1.65, -1.25, -0.98, -1.53, -1.00, -0.36, -1.59, -1.58, -1.70, -1.43, -1.85, -1.94, -1.71, -2.45, -2.35, -2.71, -2.79, -2.80, -2.76, -1.78, -1.49, -2.58, -1.44, -1.28, -1.62
200411,  1.45,  1.75,  1.08,  1.56,  2.08,  1.03,  0.97,  1.50,  0.46,  2.35,  2.77,  1.87,  1.89,  1.94,  1.80,  0.84,  0.54,  1.56,  1.08,  0.84,  1.61,  0.34, -0.04,  1.45,  1.49,  1.85,  1.08
200412,  4.72,  4.81,  4.62,  4.74,  4.71,  4.77,  5.13,  5.14,  5.12,  4.17,  4.12,  4.22,  4.30,  4.52,  4.01,  4.60,  5.30,  3.29,  4.70,  5.49,  3.31,  4.41,  4.96,  3.25,  4.75,  4.83,  4.65
200501, -0.44, -0.24, -0.65, -1.26, -1.19, -1.33, -3.00, -3.21, -2.81,  1.33,  1.59,  1.05,  2.27,  2.45,  2.04,  4.58,  4.13,  5.46,  3.80,  3.44,  4.43,  6.06,  5.34,  7.59, -0.68, -0.49, -0.88
200502,  2.86,  3.35,  2.33,  2.81,  3.21,  2.42,  3.02,  3.23,  2.83,  2.52,  3.19,  1.78,  2.70,  3.46,  1.74,  3.14,  3.97,  1.58,  2.64,  3.56,  1.00,  4.06,  4.68,  2.76,  2.81,  3.28,  2.30
200503,  1.06,  1.99,  0.04,  0.72,  1.51, -0.08,  0.30,  1.08, -0.42,  1.30,  2.07,  0.45,  1.81,  2.75,  0.58,  3.02,  4.06,  1.03,  2.94,  4.11,  0.80,  3.17,  3.96,  1.49,  0.96,  1.87, -0.01
200504, -4.22, -4.22, -4.21, -4.47, -4.50, -4.45, -4.28, -4.38, -4.18, -4.75, -4.65, -4.86, -4.16, -4.09, -4.25, -2.77, -3.03, -2.25, -3.18, -3.41, -2.74, -2.03, -2.37, -1.27, -4.31, -4.30, -4.31
200505,  1.51,  1.48,  1.54,  1.82,  1.77,  1.87,  2.49,  2.20,  2.76,  0.87,  1.22,  0.48,  0.55,  0.89,  0.10, -0.18,  0.28, -1.10,  0.06,  0.81, -1.36, -0.62, -0.62, -0.60,  1.62,  1.62,  1.62
200506,  2.95,  2.96,  2.93,  2.73,  2.76,  2.70,  2.31,  2.72,  1.92,  3.34,  2.82,  3.94,  3.59,  3.17,  4.16,  4.18,  3.82,  4.90,  4.01,  3.66,  4.70,  4.48,  4.11,  5.30,  2.90,  2.94,  2.86
200507,  2.24,  2.14,  2.36,  2.06,  1.88,  2.25,  2.11,  1.65,  2.55,  1.99,  2.18,  1.77,  2.37,  2.55,  2.13,  3.25,  3.23,  3.29,  3.28,  3.60,  2.67,  3.20,  2.60,  4.47,  2.21,  2.13,  2.29
200508,  5.47,  5.79,  5.11,  6.01,  6.42,  5.60,  6.13,  6.98,  5.33,  5.84,  5.68,  6.02,  4.82,  4.80,  4.84,  2.49,  3.18,  1.12,  3.33,  3.94,  2.17,  0.99,  1.88, -0.87,  5.67,  6.00,  5.30
200509, 11.77, 12.14, 11.35, 12.47, 13.04, 11.90, 12.99, 13.47, 12.54, 11.72, 12.45, 10.88, 10.52, 10.98,  9.91,  7.73,  8.24,  6.71,  8.59,  8.74,  8.30,  6.14,  7.33,  3.59, 12.01, 12.38, 11.60
200510,  2.21,  3.05,  1.26,  1.62,  2.44,  0.77,  1.08,  1.91,  0.30,  2.41,  3.17,  1.54,  3.37,  4.06,  2.44,  5.71,  5.79,  5.54,  5.47,  5.79,  4.87,  6.14,  5.80,  6.90,  2.09,  2.97,  1.11
200511,  6.62,  4.98,  8.51,  6.78,  5.00,  8.65,  7.48,  6.08,  8.84,  5.79,  3.58,  8.35,  5.75,  4.03,  8.11,  5.67,  4.87,  7.31,  5.38,  4.57,  6.99,  6.21,  5.42,  7.95,  6.63,  4.97,  8.51
200512,  7.58,  5.24,  9.83,  7.11,  4.61,  9.32,  6.35,  3.94,  8.26,  8.23,  5.46, 11.13,  8.84,  6.34, 11.79, 10.19,  7.97, 13.66,  9.70,  7.40, 13.16, 11.20,  9.10, 14.77,  7.40,  5.01,  9.66
200601,  3.65,  4.50,  2.87,  3.80,  4.67,  3.06,  4.42,  5.34,  3.72,  2.91,  3.83,  1.99,  2.89,  3.83,  1.84,  2.86,  3.82,  1.45,  2.95,  3.67,  1.93,  2.69,  4.11,  0.39,  3.71,  4.53,  2.97
200602, -2.81, -1.92, -3.64, -2.07, -1.11, -2.89, -1.17, -0.83, -1.42, -3.39, -1.46, -5.34, -4.48, -2.82, -6.36, -6.87, -5.34, -9.18, -6.35, -4.55, -8.95, -7.91, -6.85, -9.68, -2.58, -1.65, -3.44
200603,  4.73,  4.48,  4.96,  4.59,  4.33,  4.82,  4.18,  4.21,  4.16,  5.21,  4.48,  5.96,  5.30,  4.70,  6.00,  5.51,  5.12,  6.12,  5.84,  5.34,  6.60,  4.83,  4.69,  5.05,  4.73,  4.48,  4.97
200604, -0.79, -0.10, -1.44, -0.56,  0.17, -1.20,  0.38,  0.93, -0.04, -1.97, -0.81, -3.16, -2.00, -0.96, -3.21, -2.07, -1.24, -3.36, -1.83, -0.91, -3.22, -2.55, -1.90, -3.67, -0.70,  0.01, -1.36
200605, -7.97, -7.60, -8.32, -7.75, -7.54, -7.94, -8.03, -8.45, -7.70, -7.33, -6.35, -8.36, -7.91, -6.87, -9.14, -9.24, -7.87,-11.44, -9.01, -7.80,-10.88, -9.72, -8.01,-12.70, -7.90, -7.58, -8.20
200606,  0.52,  0.10,  0.93,  0.85,  0.53,  1.14,  1.55,  1.18,  1.83, -0.20, -0.30, -0.08, -0.57, -0.81, -0.27, -1.44, -1.79, -0.85, -1.39, -1.50, -1.20, -1.55, -2.37, -0.04,  0.61,  0.24,  0.95
200607, -1.13, -0.89, -1.36, -0.41, -0.24, -0.56,  0.95,  1.01,  0.91, -2.52, -1.85, -3.22, -3.38, -2.51, -4.43, -5.44, -3.81, -8.12, -4.86, -3.17, -7.55, -6.66, -5.12, -9.40, -0.91, -0.68, -1.13
200608,  4.08,  3.87,  4.28,  3.97,  3.82,  4.11,  3.86,  3.89,  3.84,  4.16,  3.74,  4.61,  4.33,  3.86,  4.93,  4.77,  4.10,  5.93,  4.98,  4.24,  6.21,  4.32,  3.81,  5.28,  4.07,  3.86,  4.27
200609, -1.00, -1.09, -0.91, -0.96, -1.08, -0.85, -1.32, -1.40, -1.26, -0.37, -0.65, -0.07, -0.63, -0.81, -0.40, -1.25, -1.13, -1.46, -1.01, -1.05, -0.93, -1.77, -1.28, -2.67, -0.97, -1.07, -0.87
200610,  0.53,  0.07,  0.97,  0.85,  0.56,  1.09,  1.61,  1.82,  1.45, -0.36, -1.09,  0.44, -0.68, -1.47,  0.28, -1.49, -2.25, -0.21, -1.37, -2.31,  0.13, -1.75, -2.14, -1.02,  0.61,  0.18,  1.02
200611, -0.86, -0.92, -0.80, -0.73, -0.88, -0.60, -0.50, -0.64, -0.39, -1.11, -1.22, -0.99, -1.27, -1.18, -1.39, -1.69, -1.09, -2.68, -1.32, -0.81, -2.11, -2.51, -1.67, -4.04, -0.80, -0.88, -0.72
200612,  4.91,  5.09,  4.74,  5.23,  5.46,  5.03,  5.91,  6.38,  5.58,  4.25,  4.47,  3.98,  3.91,  4.17,  3.53,  3.10,  3.58,  2.19,  3.20,  3.59,  2.55,  2.89,  3.56,  1.24,  4.99,  5.17,  4.81
200701,  2.40,  3.40,  1.40,  2.29,  3.47,  1.22,  2.57,  3.94,  1.59,  1.87,  2.97,  0.49,  2.23,  3.00,  1.12,  3.06,  3.07,  3.05,  3.09,  3.10,  3.07,  3.01,  3.01,  3.00,  2.39,  3.42,  1.38
200702,  1.74,  2.81,  0.65,  1.86,  2.98,  0.82,  1.99,  3.60,  0.82,  1.66,  2.30,  0.83,  1.49,  2.23,  0.41,  1.09,  2.09, -0.85,  1.16,  2.10, -0.45,  0.94,  2.07, -1.91,  1.78,  2.84,  0.72
200703, -1.60, -0.97, -2.27, -1.63, -1.00, -2.23, -1.94, -1.40, -2.35, -1.18, -0.56, -2.00, -1.25, -0.64, -2.15, -1.41, -0.82, -2.59, -1.53, -1.11, -2.27, -1.17, -0.31, -3.45, -1.60, -0.98, -2.23
200704, -0.72, -1.02, -0.40, -0.67, -1.25, -0.13, -0.94, -1.73, -0.35, -0.28, -0.72,  0.30, -0.49, -0.49, -0.48, -0.97, -0.01, -2.87, -0.62,  0.45, -2.50, -1.66, -0.84, -3.87, -0.67, -1.01, -0.32
200705,  3.12,  2.61,  3.66,  3.67,  3.25,  4.06,  5.16,  4.64,  5.56,  1.49,  1.73,  1.19,  1.04,  1.13,  0.90, -0.04, -0.06, -0.01,  0.29,  0.12,  0.58, -0.72, -0.38, -1.65,  3.25,  2.76,  3.75
200706,  1.25,  1.05,  1.46,  1.11,  0.72,  1.46,  0.65,  0.09,  1.05,  1.80,  1.44,  2.28,  1.90,  1.77,  2.08,  2.12,  2.45,  1.44,  1.44,  1.90,  0.62,  3.53,  3.45,  3.76,  1.19,  0.96,  1.43
200707, -3.84, -3.99, -3.69, -3.89, -4.15, -3.65, -4.10, -4.33, -3.93, -3.57, -3.94, -3.09, -3.57, -3.74, -3.33, -3.58, -3.32, -4.11, -3.81, -3.73, -3.95, -3.11, -2.59, -4.55, -3.87, -4.06, -3.68
200708, -5.62, -6.37, -4.84, -5.35, -6.30, -4.48, -5.94, -7.42, -4.85, -4.48, -5.06, -3.75, -5.28, -5.58, -4.83, -7.20, -6.64, -8.36, -6.94, -6.36, -7.99, -7.72, -7.12, -9.39, -5.53, -6.31, -4.75
200709,  1.16,  1.29,  1.03,  1.43,  1.63,  1.25,  1.50,  2.53,  0.77,  1.32,  0.66,  2.17,  0.81,  0.39,  1.42, -0.48, -0.18, -1.12, -0.43,  0.04, -1.30, -0.58, -0.56, -0.64,  1.22,  1.38,  1.07
200710,  0.32,  0.02,  0.63,  0.07, -0.06,  0.18, -0.27, -0.03, -0.45,  0.56, -0.09,  1.37,  0.94,  0.06,  2.22,  1.91,  0.35,  5.22,  2.14,  0.65,  4.92,  1.43, -0.18,  6.03,  0.29,  0.03,  0.54
200711, -5.49, -5.62, -5.36, -5.33, -5.44, -5.23, -5.15, -4.92, -5.31, -5.60, -6.02, -5.07, -5.85, -6.14, -5.44, -6.48, -6.37, -6.69, -6.17, -6.07, -6.35, -7.11, -6.92, -7.61, -5.44, -5.57, -5.31
200712, -3.52, -2.81, -4.27, -3.29, -2.52, -4.03, -3.28, -1.75, -4.63, -3.32, -3.60, -3.02, -3.77, -3.74, -3.81, -4.70, -3.97, -6.11, -4.65, -3.91, -5.83, -4.82, -4.06, -6.94, -3.49, -2.78, -4.24
200801, -9.10, -7.63,-10.70, -9.18, -7.66,-10.67, -8.76, -7.56, -9.86, -9.84, -7.80,-12.05, -9.47, -7.69,-11.77, -8.67, -7.51,-10.95, -8.46, -6.91,-11.01, -9.12, -8.57,-10.74, -9.12, -7.60,-10.74
200802, -1.45, -2.29, -0.51, -1.51, -2.39, -0.63, -1.33, -2.96,  0.19, -1.81, -1.58, -2.06, -1.57, -1.69, -1.41, -1.08, -1.85,  0.47, -1.33, -2.35,  0.40, -0.55, -0.97,  0.69, -1.49, -2.35, -0.54
200803, -7.51, -7.42, -7.61, -8.16, -8.47, -7.85, -9.12, -9.79, -8.51, -6.65, -6.60, -6.69, -5.80, -5.34, -6.43, -4.06, -3.26, -5.65, -4.08, -3.15, -5.63, -4.04, -3.45, -5.74, -7.58, -7.53, -7.62
200804, 11.74, 12.45, 10.95, 12.73, 13.93, 11.56, 15.19, 16.75, 13.80,  8.98, 10.10,  7.72,  8.20,  8.85,  7.32,  6.62,  6.86,  6.15,  7.63,  7.99,  7.00,  4.53,  4.86,  3.53, 11.93, 12.75, 11.04
200805,  3.69,  2.52,  5.00,  3.65,  2.08,  5.22,  3.83,  2.33,  5.20,  3.37,  1.73,  5.25,  3.55,  2.69,  4.72,  3.92,  4.29,  3.16,  3.12,  3.39,  2.64,  5.66,  5.94,  4.81,  3.64,  2.40,  4.99
200806, -6.24, -5.79, -6.73, -6.42, -6.14, -6.70, -6.28, -5.79, -6.72, -6.65, -6.64, -6.66, -6.20, -5.79, -6.74, -5.26, -4.42, -7.00, -5.49, -4.69, -6.88, -4.78, -3.94, -7.35, -6.31, -5.91, -6.72
200807, -1.41, -0.22, -2.71, -1.50, -0.21, -2.77, -1.49, -0.07, -2.77, -1.53, -0.41, -2.76, -1.32, -0.35, -2.63, -0.89, -0.26, -2.25, -0.76,  0.10, -2.29, -1.18, -0.87, -2.14, -1.40, -0.17, -2.72
200808, -3.59, -3.31, -3.90, -3.59, -3.34, -3.85, -3.82, -3.36, -4.25, -3.21, -3.30, -3.11, -3.33, -3.26, -3.43, -3.58, -3.20, -4.40, -2.96, -2.55, -3.73, -4.85, -4.35, -6.48, -3.54, -3.26, -3.85
200809,-12.92,-10.25,-15.94,-13.23,-10.26,-16.21,-14.02, -9.99,-17.77,-11.96,-10.65,-13.43,-11.73,-10.49,-13.46,-11.27,-10.24,-13.56,-11.17, -9.94,-13.48,-11.48,-10.77,-13.83,-12.96,-10.25,-15.95
200810,-20.17,-20.04,-20.31,-20.89,-21.40,-20.33,-20.66,-22.64,-18.63,-21.25,-19.58,-23.20,-19.65,-17.70,-22.46,-16.37,-14.74,-20.15,-17.65,-16.17,-20.55,-13.65,-12.10,-18.89,-20.34,-20.32,-20.35
200811, -3.54, -3.51, -3.59, -4.42, -4.65, -4.18, -7.61, -8.27, -6.97,  0.63,  0.49,  0.81,  0.70,  0.54,  0.94,  0.82,  0.60,  1.35,  0.69,  0.57,  0.93,  1.09,  0.66,  2.67, -3.66, -3.66, -3.66
200812,  3.00,  2.28,  3.67,  3.05,  2.02,  3.85,  2.28,  0.51,  3.27,  3.99,  3.26,  4.82,  3.61,  3.20,  4.20,  2.73,  3.09,  1.78,  2.57,  3.29,  0.92,  3.03,  2.76,  3.97,  2.98,  2.21,  3.68
200901, -7.57, -5.67, -9.35, -7.78, -5.39, -9.61, -7.98, -3.78,-10.28, -7.54, -6.67, -8.52, -7.24, -6.61, -8.14, -6.53, -6.51, -6.60, -7.53, -7.41, -7.81, -4.69, -4.99, -3.65, -7.64, -5.71, -9.40
200902, -4.67, -2.85, -6.44, -4.49, -2.11, -6.41, -4.76, -0.61, -7.19, -4.18, -3.33, -5.16, -4.60, -4.01, -5.47, -5.57, -5.16, -6.69, -5.45, -4.90, -6.77, -5.78, -5.58, -6.48, -4.64, -2.72, -6.46
200903,  3.25,  4.38,  2.11,  2.89,  3.93,  2.02,  1.03,  0.95,  1.07,  5.09,  6.45,  3.49,  5.09,  6.21,  3.41,  5.08,  5.81,  3.08,  5.71,  6.43,  3.95,  3.94,  4.78,  1.05,  3.23,  4.36,  2.11
200904,  8.19, 11.36,  4.94,  8.69, 12.92,  5.08, 10.28, 16.97,  6.09,  6.89,  9.67,  3.52,  6.52,  8.50,  3.51,  5.68,  6.47,  3.45,  5.99,  6.97,  3.58,  5.11,  5.66,  3.15,  8.31, 11.64,  4.97
200905,  7.15,  6.71,  7.62,  6.75,  6.02,  7.42,  6.02,  3.21,  7.96,  7.61,  8.42,  6.57,  8.08,  8.63,  7.19,  9.18,  9.00,  9.68,  9.71,  9.23, 10.92,  8.20,  8.62,  6.68,  7.12,  6.67,  7.61
200906,  3.54,  3.62,  3.46,  2.79,  2.40,  3.14,  0.82, -0.70,  1.83,  5.08,  4.92,  5.28,  5.76,  5.87,  5.58,  7.35,  7.57,  6.74,  7.21,  7.22,  7.21,  7.61,  8.16,  5.58,  3.44,  3.45,  3.44
200907,  2.36,  2.73,  1.97,  2.65,  3.37,  2.02,  3.33,  6.35,  1.43,  1.89,  1.07,  2.94,  1.60,  0.96,  2.65,  0.95,  0.76,  1.52,  0.88,  0.68,  1.41,  1.08,  0.90,  1.79,  2.39,  2.79,  1.97
200908,  1.60,  1.12,  2.11,  1.28,  0.50,  1.98,  1.29, -0.45,  2.45,  1.26,  1.27,  1.26,  1.84,  1.94,  1.69,  3.17,  3.11,  3.37,  2.83,  2.73,  3.10,  3.81,  3.74,  4.08,  1.54,  1.03,  2.08
200909, -4.74, -5.22, -4.23, -4.83, -5.32, -4.39, -5.66, -5.17, -5.97, -3.87, -5.44, -1.89, -4.01, -5.25, -2.04, -4.33, -4.94, -2.61, -4.82, -5.55, -2.99, -3.44, -3.91, -1.66, -4.79, -5.30, -4.25
200910, -1.78, -1.63, -1.94, -1.63, -1.26, -1.97, -1.13, -0.08, -1.81, -2.20, -2.20, -2.19, -2.28, -2.41, -2.08, -2.48, -2.78, -1.62, -2.30, -2.65, -1.47, -2.79, -3.01, -1.99, -1.75, -1.57, -1.94
200911, -6.12, -7.61, -4.54, -5.70, -7.22, -4.37, -5.13, -6.40, -4.30, -6.36, -7.90, -4.47, -6.90, -8.24, -4.84, -8.16, -8.84, -6.30, -7.24, -8.19, -4.96, -9.87, -9.92, -9.68, -6.06, -7.58, -4.50
200912,  8.25,  6.39, 10.03,  8.59,  6.43, 10.41,  9.04,  5.98, 11.59,  7.98,  7.03,  8.79,  7.47,  6.75,  8.25,  6.12,  6.25,  5.83,  6.31,  6.32,  6.30,  5.73,  6.13,  4.70,  8.32,  6.41, 10.09
201001, -0.56,  0.84, -1.86, -0.62,  1.11, -2.03, -0.52,  1.54, -2.17, -0.75,  0.54, -1.83, -0.60,  0.24, -1.50, -0.18, -0.29,  0.05, -0.11, -0.12, -0.10, -0.33, -0.61,  0.40, -0.58,  0.88, -1.90
201002, -0.65, -0.37, -0.92, -0.76, -0.55, -0.94, -1.14, -1.26, -1.03, -0.23,  0.44, -0.80, -0.15,  0.43, -0.79,  0.04,  0.40, -0.76, -0.13,  0.13, -0.66,  0.38,  0.92, -1.01, -0.67, -0.41, -0.92
201003, 10.34, 10.82,  9.87, 10.37, 10.74, 10.05, 10.62, 10.27, 10.91, 10.03, 11.39,  8.85, 10.05, 11.31,  8.66, 10.11, 11.16,  7.78, 10.11, 11.06,  8.16, 10.12, 11.36,  6.84, 10.34, 10.81,  9.90
201004,  0.90,  0.96,  0.85,  0.43,  0.36,  0.49, -0.68, -1.39, -0.08,  1.99,  2.75,  1.31,  2.51,  3.02,  1.95,  3.93,  3.50,  4.91,  3.39,  2.68,  4.88,  5.04,  5.05,  5.01,  0.79,  0.80,  0.78
201005,-10.82,-10.87,-10.76,-10.97,-10.97,-10.97,-11.01,-10.71,-11.25,-10.92,-11.29,-10.58,-10.62,-11.00,-10.19, -9.85,-10.48, -8.46, -9.71,-10.42, -8.25,-10.16,-10.59, -8.99,-10.84,-10.89,-10.79
201006, -4.24, -4.80, -3.69, -4.53, -5.43, -3.76, -5.09, -6.14, -4.22, -3.76, -4.49, -3.11, -3.40, -3.68, -3.08, -2.45, -2.23, -2.94, -2.26, -1.98, -2.83, -2.83, -2.68, -3.22, -4.26, -4.87, -3.69
201007,  0.98,  0.58,  1.37,  1.35,  1.07,  1.59,  2.03,  1.89,  2.13,  0.45, -0.01,  0.85, -0.03, -0.50,  0.50, -1.26, -1.36, -1.03, -1.41, -1.46, -1.32, -0.93, -1.17, -0.30,  1.04,  0.66,  1.39
201008, -5.20, -5.30, -5.10, -5.13, -5.10, -5.16, -4.30, -4.09, -4.48, -6.26, -6.43, -6.10, -6.08, -6.32, -5.81, -5.62, -6.13, -4.49, -5.46, -6.10, -4.17, -5.93, -6.17, -5.28, -5.18, -5.27, -5.09
201009,  3.93,  3.15,  4.68,  4.01,  3.02,  4.83,  3.79,  2.22,  5.08,  4.30,  4.11,  4.47,  4.07,  3.95,  4.21,  3.47,  3.66,  3.06,  3.62,  3.59,  3.69,  3.15,  3.79,  1.47,  3.95,  3.13,  4.71
201010, -2.03, -1.85, -2.20, -1.53, -1.05, -1.93, -1.27, -1.11, -1.39, -1.90, -0.97, -2.70, -2.80, -2.48, -3.15, -5.17, -5.16, -5.19, -4.60, -4.34, -5.12, -6.33, -6.69, -5.37, -1.92, -1.67, -2.15
201011,  6.04,  5.92,  6.14,  5.95,  5.68,  6.18,  6.12,  6.16,  6.10,  5.71,  5.04,  6.29,  5.94,  5.72,  6.20,  6.58,  6.96,  5.75,  6.14,  6.47,  5.46,  7.50,  7.89,  6.47,  6.00,  5.85,  6.14
201012,  4.48,  4.97,  3.96,  4.14,  4.43,  3.87,  4.19,  4.25,  4.13,  4.07,  4.71,  3.46,  4.78,  5.61,  3.74,  6.36,  7.03,  4.80,  5.90,  6.62,  4.47,  7.24,  7.73,  5.67,  4.43,  4.90,  3.95
201101,  1.25,  0.99,  1.52,  1.04,  0.68,  1.36,  1.08,  0.51,  1.58,  0.98,  0.93,  1.02,  1.43,  1.41,  1.46,  2.42,  2.15,  3.08,  2.15,  1.55,  3.36,  2.95,  3.14,  2.34,  1.19,  0.88,  1.51
201102,  4.50,  5.28,  3.69,  4.52,  5.50,  3.62,  5.02,  6.65,  3.60,  3.75,  3.86,  3.65,  3.97,  4.09,  3.81,  4.43,  4.45,  4.39,  4.47,  4.46,  4.48,  4.36,  4.42,  4.16,  4.50,  5.29,  3.68
201103, -7.61, -9.03, -6.09, -8.08,-10.22, -6.08, -9.13,-12.24, -6.33, -6.48, -7.29, -5.69, -6.03, -6.21, -5.79, -5.06, -4.59, -6.17, -5.58, -5.61, -5.52, -4.07, -2.89, -7.94, -7.69, -9.23, -6.08
201104, -1.89, -3.10, -0.64, -1.78, -3.11, -0.60, -1.66, -3.12, -0.43, -1.96, -3.09, -0.87, -2.13, -3.09, -0.91, -2.47, -3.08, -1.04, -1.86, -2.40, -0.77, -3.63, -4.17, -1.78, -1.87, -3.08, -0.64
201105, -1.56, -1.86, -1.25, -1.62, -1.87, -1.41, -1.77, -1.55, -1.94, -1.41, -2.31, -0.56, -1.34, -2.12, -0.38, -1.20, -1.83,  0.26, -0.92, -1.75,  0.71, -1.75, -1.96, -1.03, -1.54, -1.85, -1.24
201106,  1.34,  2.10,  0.57,  0.97,  1.70,  0.35,  0.30,  1.36, -0.56,  1.98,  2.18,  1.78,  2.38,  2.71,  1.98,  3.25,  3.49,  2.70,  3.21,  3.39,  2.88,  3.31,  3.66,  2.16,  1.31,  2.07,  0.57
201107, -0.92, -1.42, -0.42, -1.04, -1.71, -0.46, -0.93, -1.89, -0.14, -1.20, -1.46, -0.95, -0.91, -1.05, -0.75, -0.32, -0.44, -0.02, -0.26, -0.45,  0.09, -0.41, -0.43, -0.34, -0.93, -1.45, -0.42
201108, -8.25, -7.85, -8.64, -8.94, -8.74, -9.10, -9.99, -9.89,-10.08, -7.39, -7.18, -7.58, -6.51, -6.20, -6.89, -4.70, -4.81, -4.45, -5.35, -5.49, -5.08, -3.45, -3.68, -2.67, -8.34, -7.99, -8.69
201109, -0.35,  1.05, -1.77, -0.74,  0.62, -1.93, -2.00, -0.72, -3.05,  1.05,  2.41, -0.23,  1.23,  2.44, -0.27,  1.59,  2.47, -0.42,  1.84,  3.15, -0.70,  1.13,  1.36,  0.37, -0.36,  1.09, -1.80
201110,  0.51, -1.29,  2.39,  1.13, -0.68,  2.74,  2.77,  0.88,  4.37, -1.14, -2.70,  0.35, -1.57, -2.92,  0.14, -2.44, -3.23, -0.58, -2.00, -3.11,  0.21, -3.27, -3.43, -2.72,  0.59, -1.23,  2.44
201111, -4.61, -4.92, -4.31, -4.95, -5.59, -4.41, -5.15, -5.87, -4.57, -4.66, -5.21, -4.15, -4.09, -4.17, -3.99, -2.92, -2.70, -3.43, -2.90, -2.46, -3.73, -2.96, -3.09, -2.55, -4.65, -4.99, -4.32
201112,  0.09,  0.41, -0.21,  0.00,  0.32, -0.26, -0.37,  0.11, -0.78,  0.49,  0.61,  0.41,  0.54,  0.68,  0.39,  0.65,  0.82,  0.32,  0.61,  0.72,  0.43,  0.70,  0.98,  0.08,  0.07,  0.37, -0.21
201201,  3.47,  4.85,  2.17,  3.41,  4.87,  2.19,  4.04,  6.33,  2.02,  2.59,  2.82,  2.41,  2.92,  3.53,  2.31,  3.80,  4.78,  1.88,  2.90,  3.76,  1.37,  5.41,  6.48,  2.97,  3.41,  4.77,  2.16
201202, 10.61, 11.80,  9.46, 11.15, 12.68,  9.84, 12.91, 14.79, 11.17,  8.82,  9.63,  8.19,  8.39,  9.05,  7.73,  7.26,  8.03,  5.72,  7.07,  8.00,  5.38,  7.60,  8.09,  6.43, 10.67, 11.91,  9.49
201203,  3.29,  2.54,  4.02,  3.06,  2.18,  3.84,  2.73,  1.30,  4.09,  3.50,  3.49,  3.51,  3.84,  3.74,  3.94,  4.74,  4.17,  5.89,  4.97,  4.18,  6.45,  4.33,  4.17,  4.72,  3.26,  2.49,  4.01
201204, -5.78, -7.40, -4.20, -5.93, -7.74, -4.37, -6.22, -7.86, -4.70, -5.54, -7.55, -3.93, -5.34, -6.97, -3.68, -4.81, -5.93, -2.56, -5.35, -6.75, -2.79, -3.85, -4.59, -2.08, -5.84, -7.51, -4.24
201205,-10.55,-11.66, -9.50,-10.61,-11.92, -9.51,-10.37,-11.61, -9.27,-10.92,-12.37, -9.81,-10.71,-11.71, -9.73,-10.17,-10.57, -9.40,-10.30,-11.00, -9.06, -9.95, -9.89,-10.10,-10.55,-11.70, -9.51
201206,  6.98,  7.64,  6.39,  7.04,  7.84,  6.39,  7.35,  8.49,  6.36,  6.62,  6.89,  6.42,  6.62,  6.84,  6.42,  6.63,  6.75,  6.39,  6.76,  6.95,  6.45,  6.39,  6.44,  6.27,  7.00,  7.67,  6.39
201207, -4.38, -5.81, -3.06, -4.50, -6.12, -3.15, -4.24, -5.27, -3.32, -4.85, -7.39, -2.94, -4.53, -6.33, -2.79, -3.69, -4.51, -2.12, -3.65, -4.88, -1.54, -3.75, -3.93, -3.35, -4.39, -5.87, -3.05
201208, -0.53, -1.78,  0.59, -0.58, -1.91,  0.49, -0.59, -1.87,  0.52, -0.56, -1.96,  0.44, -0.47, -1.68,  0.66, -0.23, -1.22,  1.60,  0.07, -1.17,  2.15, -0.77, -1.28,  0.40, -0.53, -1.79,  0.59
201209,  1.84,  2.84,  0.96,  1.82,  2.99,  0.91,  1.82,  3.13,  0.72,  1.81,  2.77,  1.14,  1.86,  2.56,  1.22,  1.98,  2.23,  1.52,  2.32,  2.73,  1.65,  1.38,  1.45,  1.22,  1.85,  2.89,  0.96
201210,  0.73,  0.69,  0.76,  0.82,  0.95,  0.71,  0.43,  0.46,  0.41,  1.35,  1.70,  1.10,  1.02,  0.91,  1.12,  0.17, -0.39,  1.19,  0.30, -0.27,  1.23, -0.07, -0.59,  1.10,  0.74,  0.73,  0.74
201211,  5.18,  5.78,  4.64,  5.35,  5.98,  4.85,  6.03,  6.06,  6.01,  4.42,  5.86,  3.38,  4.32,  5.50,  3.24,  4.08,  4.89,  2.62,  3.64,  4.70,  1.94,  4.86,  5.19,  4.13,  5.19,  5.81,  4.66
201212,  9.93, 12.67,  7.35, 10.08, 13.16,  7.56, 10.68, 13.61,  8.51,  9.26, 12.61,  6.07,  9.18, 11.93,  5.87,  8.98, 10.70,  4.99,  8.88, 10.68,  5.07,  9.16, 10.72,  4.81,  9.95, 12.74,  7.37
201301,  9.36,  9.82,  8.90,  9.32,  9.97,  8.76, 10.55, 12.89,  8.74,  7.58,  6.38,  8.78,  8.14,  7.37,  9.12,  9.62,  9.20, 10.67,  9.10,  8.90,  9.56, 10.48,  9.67, 12.87,  9.31,  9.82,  8.81
201302,  3.83,  3.75,  3.91,  3.77,  3.60,  3.92,  3.47,  2.97,  3.87,  4.20,  4.41,  3.99,  4.20,  4.39,  3.96,  4.21,  4.36,  3.81,  4.37,  5.07,  2.78,  3.93,  3.28,  5.80,  3.81,  3.78,  3.84
201303,  7.04,  6.17,  7.91,  6.78,  5.80,  7.63,  6.02,  4.31,  7.37,  7.88,  7.70,  8.06,  8.11,  7.70,  8.62,  8.71,  7.72, 11.16,  7.95,  7.26,  9.54,  9.95,  8.42, 14.20,  6.98,  6.08,  7.86
201304, 12.58, 13.07, 12.10, 12.69, 13.66, 11.87, 12.82, 13.48, 12.31, 12.52, 13.88, 11.18, 12.34, 12.75, 11.84, 11.89, 10.72, 14.70, 11.53, 10.82, 13.14, 12.46, 10.56, 17.48, 12.56, 13.17, 11.97
201305, -2.35, -2.65, -2.06, -2.13, -2.23, -2.04, -2.60, -2.19, -2.92, -1.45, -2.27, -0.62, -2.09, -3.02, -0.93, -3.74, -4.39, -2.23, -4.18, -4.70, -3.05, -3.03, -3.93, -0.81, -2.39, -2.61, -2.17
201306, -0.20, -0.09, -0.31,  0.19,  0.42, -0.01,  0.49,  0.79,  0.25, -0.22, -0.04, -0.41, -0.90, -0.80, -1.02, -2.67, -2.23, -3.66, -1.44, -1.42, -1.49, -4.61, -3.48, -7.30, -0.06,  0.02, -0.15
201307, -0.16,  0.19, -0.50, -0.34, -0.04, -0.61, -0.28,  0.27, -0.71, -0.44, -0.42, -0.46, -0.03,  0.13, -0.23,  1.06,  1.19,  0.76,  1.22,  1.10,  1.48,  0.79,  1.32, -0.54, -0.17,  0.13, -0.47
201308, -2.27, -2.06, -2.49, -2.32, -2.14, -2.47, -2.06, -1.81, -2.26, -2.68, -2.57, -2.80, -2.49, -2.26, -2.78, -1.99, -1.67, -2.73, -1.71, -1.71, -1.72, -2.46, -1.61, -4.58, -2.26, -2.07, -2.44
201309,  8.69,  9.02,  8.36,  8.38,  8.59,  8.20,  7.81,  8.10,  7.58,  9.20,  9.21,  9.19,  9.59,  9.78,  9.36, 10.64, 10.85, 10.14,  9.69,  9.78,  9.49, 12.22, 12.54, 11.37,  8.59,  8.88,  8.30
201310, -0.10, -0.56,  0.36, -0.08, -0.67,  0.44,  0.13, -0.73,  0.83, -0.37, -0.58, -0.16, -0.33, -0.41, -0.23, -0.24, -0.10, -0.57,  0.20, -0.06,  0.76, -0.95, -0.15, -3.09, -0.07, -0.59,  0.44
201311,  5.58,  5.13,  6.02,  5.84,  5.31,  6.31,  6.02,  5.13,  6.73,  5.59,  5.54,  5.64,  5.13,  5.14,  5.12,  3.92,  4.39,  2.80,  4.60,  5.35,  2.94,  2.79,  2.89,  2.53,  5.64,  5.22,  6.06
201312,  3.58,  3.46,  3.71,  3.62,  3.40,  3.81,  3.98,  3.46,  4.39,  3.04,  3.32,  2.75,  3.16,  3.46,  2.78,  3.40,  3.69,  2.86,  3.32,  3.78,  2.56,  3.57,  3.54,  3.65,  3.57,  3.46,  3.68
201401, -6.10, -6.22, -5.99, -6.66, -6.84, -6.49, -7.86, -7.92, -7.82, -4.77, -5.43, -4.06, -4.23, -4.80, -3.48, -3.07, -3.73, -1.81, -3.58, -4.77, -1.64, -2.05, -1.97, -2.25, -6.18, -6.33, -6.03
201402, -0.69, -1.11, -0.27, -0.41, -1.00,  0.13, -0.76, -1.60, -0.11,  0.14, -0.23,  0.54, -0.61, -0.71, -0.49, -2.18, -1.51, -3.42, -2.13, -1.38, -3.33, -2.27, -1.72, -3.66, -0.64, -1.08, -0.21
201403,  0.12, -0.03,  0.26, -0.16, -0.55,  0.18, -0.04, -0.42,  0.25, -0.34, -0.72,  0.06,  0.28,  0.29,  0.27,  1.62,  2.00,  0.92,  1.06,  1.18,  0.86,  2.71,  3.34,  1.08,  0.09, -0.10,  0.27
201404, -3.28, -3.00, -3.56, -3.35, -3.24, -3.44, -3.71, -4.04, -3.46, -2.80, -2.22, -3.41, -2.84, -2.17, -3.68, -2.91, -2.07, -4.49, -2.62, -1.44, -4.51, -3.46, -3.10, -4.43, -3.27, -2.98, -3.55
201405,  3.39,  3.45,  3.33,  3.56,  3.91,  3.25,  3.36,  4.08,  2.81,  3.85,  3.69,  4.01,  3.42,  2.96,  4.00,  2.51,  1.75,  3.98,  3.04,  2.20,  4.43,  1.48,  0.99,  2.79,  3.42,  3.53,  3.32
201406,  5.14,  5.37,  4.91,  4.84,  5.08,  4.63,  4.58,  4.98,  4.28,  5.23,  5.20,  5.25,  5.71,  5.68,  5.74,  6.74,  6.49,  7.21,  6.35,  6.00,  6.94,  7.49,  7.32,  7.93,  5.08,  5.30,  4.85
201407,  2.16,  1.80,  2.52,  2.26,  1.76,  2.70,  1.86,  1.30,  2.29,  2.85,  2.33,  3.41,  2.47,  2.19,  2.82,  1.68,  1.97,  1.13,  1.49,  1.83,  0.95,  2.04,  2.20,  1.62,  2.17,  1.80,  2.54
201408, -0.88, -0.72, -1.04, -1.16, -1.07, -1.23, -1.63, -1.47, -1.74, -0.47, -0.58, -0.35, -0.14, -0.14, -0.13,  0.56,  0.59,  0.51,  0.07, -0.28,  0.63,  1.51,  2.02,  0.20, -0.94, -0.80, -1.08
201409,  4.48,  3.62,  5.34,  4.88,  3.87,  5.77,  5.74,  3.95,  7.12,  3.63,  3.78,  3.48,  3.25,  3.37,  3.09,  2.45,  2.70,  1.96,  2.25,  2.44,  1.94,  2.82,  3.12,  2.02,  4.52,  3.63,  5.39
201410,  0.57, -0.16,  1.28,  0.81,  0.04,  1.48,  0.73, -0.56,  1.69,  0.93,  0.76,  1.12,  0.40,  0.14,  0.74, -0.72, -0.90, -0.37, -0.24, -0.56,  0.27, -1.62, -1.46, -2.07,  0.62, -0.12,  1.33
201411,  5.76,  5.55,  5.96,  6.03,  5.86,  6.17,  6.01,  5.68,  6.26,  6.05,  6.08,  6.01,  5.50,  5.45,  5.57,  4.34,  4.38,  4.25,  4.81,  5.16,  4.24,  3.43,  3.11,  4.28,  5.80,  5.62,  5.98
201412, -0.19,  0.10, -0.46, -0.50, -0.32, -0.66, -1.52, -1.47, -1.56,  0.92,  1.18,  0.67,  1.17,  1.49,  0.82,  1.86,  2.13,  1.39,  1.86,  1.89,  1.81,  1.85,  2.50,  0.61, -0.23,  0.02, -0.48
201501,  0.57, -0.30,  1.41,  0.54, -0.48,  1.44, -0.57, -1.55,  0.26,  2.04,  0.87,  3.17,  1.69,  0.77,  2.73,  0.75,  0.56,  1.06,  0.95,  0.71,  1.35,  0.40,  0.34,  0.51,  0.59, -0.29,  1.43
201502,  7.67,  9.33,  6.08,  8.02, 10.10,  6.21,  8.78, 12.18,  5.98,  7.02,  7.53,  6.54,  6.60,  6.95,  6.20,  5.44,  5.74,  4.92,  6.27,  6.48,  5.93,  4.06,  4.59,  3.02,  7.79,  9.53,  6.14
201503,  2.15,  0.52,  3.76,  2.18,  0.32,  3.85,  1.95, -0.03,  3.68,  2.48,  0.78,  4.08,  2.36,  1.01,  3.84,  2.02,  1.51,  2.91,  1.99,  1.56,  2.68,  2.08,  1.42,  3.37,  2.15,  0.49,  3.76
201504,  3.29,  5.56,  1.14,  3.49,  6.12,  1.20,  4.58,  7.25,  2.35,  2.02,  4.66, -0.39,  2.02,  4.10, -0.20,  2.03,  2.91,  0.54,  1.94,  3.14,  0.04,  2.18,  2.54,  1.49,  3.32,  5.65,  1.13
201505,  5.17,  6.73,  3.62,  5.22,  7.07,  3.54,  5.13,  6.98,  3.51,  5.35,  7.19,  3.57,  5.20,  6.50,  3.75,  4.81,  5.02,  4.44,  5.30,  5.41,  5.12,  3.98,  4.40,  3.16,  5.21,  6.81,  3.64
201506, -2.47, -3.04, -1.88, -2.87, -3.49, -2.29, -3.35, -3.67, -3.06, -2.21, -3.24, -1.19, -1.58, -2.48, -0.55,  0.20, -0.80,  1.97,  0.04, -1.27,  2.18,  0.49, -0.05,  1.54, -2.54, -3.12, -1.95
201507,  1.77,  1.84,  1.69,  1.82,  2.19,  1.48,  0.88,  1.76,  0.08,  3.10,  2.75,  3.45,  2.65,  1.91,  3.48,  1.41,  0.12,  3.60,  1.46,  0.08,  3.67,  1.31,  0.19,  3.47,  1.77,  1.89,  1.65
201508, -7.37, -7.73, -7.00, -7.69, -8.20, -7.22, -8.11, -8.67, -7.60, -7.14, -7.60, -6.69, -6.64, -6.91, -6.35, -5.26, -5.38, -5.05, -5.45, -5.98, -4.64, -4.92, -4.43, -5.85, -7.41, -7.82, -7.00
201509, -7.50, -7.05, -7.94, -7.91, -7.59, -8.21, -8.65, -8.43, -8.85, -6.95, -6.52, -7.36, -6.39, -5.85, -6.99, -4.87, -4.42, -5.60, -5.24, -4.54, -6.30, -4.22, -4.23, -4.20, -7.57, -7.12, -8.01
201510, 10.48, 10.25, 10.70, 11.02, 10.69, 11.32, 11.86, 11.09, 12.57,  9.93, 10.21,  9.67,  9.18,  9.55,  8.78,  7.19,  8.18,  5.56,  8.17,  9.13,  6.68,  5.54,  6.68,  3.39, 10.59, 10.36, 10.83
201511,  1.41,  0.27,  2.54,  1.06, -0.28,  2.29,  0.57, -0.73,  1.73,  1.70,  0.29,  3.05,  2.21,  1.13,  3.41,  3.61,  2.93,  4.78,  3.35,  2.41,  4.82,  4.08,  3.76,  4.70,  1.35,  0.18,  2.51
201512, -1.92, -2.33, -1.55, -1.98, -2.40, -1.64, -1.95, -1.98, -1.93, -2.02, -2.94, -1.26, -1.89, -2.63, -1.16, -1.53, -2.00, -0.76, -1.41, -1.81, -0.79, -1.77, -2.32, -0.71, -1.93, -2.34, -1.57
201601, -7.40, -8.69, -6.23, -7.52, -9.08, -6.24, -8.32, -9.99, -6.92, -6.49, -7.87, -5.37, -6.52, -7.55, -5.52, -6.62, -6.92, -6.12, -6.43, -6.62, -6.15, -6.96, -7.45, -6.06, -7.41, -8.72, -6.23
201602, -9.21,-11.60, -7.09, -9.38,-12.04, -7.25, -9.47,-12.44, -7.08, -9.26,-11.52, -7.47, -8.96,-10.90, -7.10, -8.14, -9.69, -5.64, -8.19,-10.08, -5.33, -8.06, -9.01, -6.29, -9.25,-11.68, -7.13
201603,  4.80,  5.06,  4.58,  4.46,  4.98,  4.07,  4.48,  5.61,  3.63,  4.44,  4.20,  4.62,  5.10,  4.62,  5.54,  6.87,  5.42,  9.12,  6.18,  4.80,  8.15,  8.16,  6.47, 11.22,  4.73,  5.02,  4.48
201604, -0.45, -0.54, -0.38, -0.36, -0.64, -0.15, -0.29, -0.75,  0.07, -0.46, -0.51, -0.42, -0.60, -0.36, -0.82, -0.99, -0.09, -2.32, -0.49,  0.62, -2.02, -1.91, -1.30, -2.96, -0.42, -0.50, -0.35
201605,  2.94,  2.66,  3.18,  2.77,  2.49,  2.98,  2.47,  3.60,  1.60,  3.15,  1.11,  4.71,  3.37,  1.89,  4.74,  3.95,  3.37,  4.84,  3.86,  3.33,  4.61,  4.13,  3.44,  5.32,  2.92,  2.67,  3.13
201606, -9.52,-11.90, -7.52, -9.70,-12.37, -7.66,-10.09,-12.75, -8.02, -9.21,-11.87, -7.23, -9.01,-11.19, -7.04, -8.47, -9.91, -6.31, -8.48,-10.20, -6.08, -8.46, -9.43, -6.80, -9.57,-12.00, -7.55
201607,  6.14,  8.28,  4.42,  6.19,  8.33,  4.65,  7.11,  9.24,  5.53,  5.07,  7.17,  3.59,  5.27,  7.49,  3.36,  5.81,  8.08,  2.53,  5.70,  7.97,  2.67,  6.01,  8.28,  2.23,  6.17,  8.31,  4.46
201608,  0.53,  3.22, -1.70,  1.17,  4.28, -1.17,  3.04,  4.88,  1.62, -1.19,  3.50, -4.59, -1.75,  1.82, -4.93, -3.20, -1.22, -6.22, -2.81, -0.59, -5.94, -3.93, -2.28, -6.83,  0.62,  3.36, -1.63
201609,  0.28, -1.10,  1.49, -0.23, -1.95,  1.14, -1.34, -3.08,  0.05,  1.22, -0.46,  2.56,  1.83,  0.61,  2.99,  3.44,  2.67,  4.67,  3.14,  2.15,  4.61,  4.00,  3.57,  4.79,  0.21, -1.22,  1.44
201610,  5.33,  7.02,  3.89,  5.23,  6.98,  3.89,  5.14,  6.89,  3.80,  5.34,  7.09,  4.01,  5.50,  7.13,  3.98,  5.90,  7.20,  3.88,  6.10,  7.29,  4.39,  5.53,  7.05,  2.77,  5.35,  7.05,  3.93
201611,  5.38,  8.26,  2.82,  5.64,  8.91,  3.02,  6.59, 10.38,  3.59,  4.33,  7.00,  2.15,  4.20,  6.46,  1.93,  3.83,  5.48,  1.10,  3.71,  5.41,  1.12,  4.03,  5.58,  1.03,  5.41,  8.34,  2.84
201612,  3.55,  4.75,  2.29,  3.45,  4.74,  2.21,  2.76,  4.12,  1.48,  4.50,  5.67,  3.36,  4.39,  5.35,  3.26,  4.16,  4.80,  2.93,  4.12,  4.91,  2.73,  4.23,  4.60,  3.43,  3.54,  4.75,  2.27
201701,  0.25,  0.08,  0.44,  0.24,  0.02,  0.46,  0.55, -0.15,  1.23, -0.23,  0.27, -0.73, -0.06,  0.29, -0.50,  0.31,  0.33,  0.28,  0.14,  0.22, -0.01,  0.68,  0.56,  0.95,  0.22,  0.05,  0.41
