"Russell/Nomura Japan Index Monthly Return(%) (including dividends), USD basis"
"Note::Prime:30-Dec-96=1000,Small Core,Micro:30-Dec-99=100,The Others:30-Dec-79=100"
DATE,Total Market,Total Market Value,Total Market Growth,Large,Large Value,Large Growth,Top,Top Value,Top Growth,Mid,Mid Value,Mid Growth,Mid-Small,Mid-Small Value,Mid-Small Growth,Small,Small Value,Small Growth,Small Core,Small Core Value,Small Core Growth,Micro,Micro Value,Micro Growth,Prime,Prime Value,Prime Growth
198001,  2.23,  3.47,  1.02,  2.06,  3.27,  0.83,  1.79,  3.54, -0.00,  2.40,  2.93,  1.87,  2.61,  3.41,  1.88,  3.09,  4.66,  1.89,---,---,---,---,---,---,---,---,---
198002, -4.61, -4.64, -4.58, -4.55, -4.52, -4.58, -4.62, -4.35, -4.92, -4.46, -4.74, -4.18, -4.60, -4.91, -4.31, -4.92, -5.34, -4.59,---,---,---,---,---,---,---,---,---
198003, -2.24, -2.53, -1.96, -2.32, -2.61, -2.01, -2.42, -3.17, -1.62, -2.20, -1.90, -2.49, -2.09, -1.93, -2.23, -1.85, -2.03, -1.71,---,---,---,---,---,---,---,---,---
198004,  8.00,  7.58,  8.42,  8.03,  7.50,  8.58,  9.02,  8.73,  9.32,  6.80,  5.92,  7.67,  7.12,  6.52,  7.69,  7.86,  8.02,  7.72,---,---,---,---,---,---,---,---,---
198005,  6.37,  6.34,  6.40,  6.09,  5.89,  6.29,  6.63,  6.07,  7.21,  5.40,  5.65,  5.16,  6.15,  6.60,  5.73,  7.80,  8.97,  6.88,---,---,---,---,---,---,---,---,---
198006,  4.04,  5.06,  3.06,  3.92,  5.16,  2.66,  2.61,  4.09,  1.10,  5.61,  6.58,  4.65,  5.31,  5.97,  4.70,  4.66,  4.48,  4.82,---,---,---,---,---,---,---,---,---
198007, -4.32, -3.91, -4.72, -4.78, -4.34, -5.23, -4.92, -4.06, -5.83, -4.61, -4.71, -4.50, -3.80, -3.77, -3.82, -2.02, -1.44, -2.49,---,---,---,---,---,---,---,---,---
198008,  5.28,  5.85,  4.71,  5.70,  6.31,  5.06,  6.64,  7.82,  5.37,  4.52,  4.36,  4.69,  4.12,  4.05,  4.18,  3.26,  3.31,  3.22,---,---,---,---,---,---,---,---,---
198009,  6.27,  7.07,  5.46,  6.34,  7.15,  5.48,  6.63,  8.35,  4.73,  5.97,  5.55,  6.39,  5.95,  5.85,  6.05,  5.90,  6.56,  5.37,---,---,---,---,---,---,---,---,---
198010,  1.60,  1.86,  1.34,  2.25,  2.50,  1.98,  3.31,  3.84,  2.71,  0.89,  0.67,  1.11,  0.11, -0.06,  0.27, -1.57, -1.81, -1.37,---,---,---,---,---,---,---,---,---
198011, -2.85, -3.52, -2.16, -2.94, -3.68, -2.14, -3.88, -4.41, -3.27, -1.71, -2.66, -0.78, -1.91, -2.62, -1.26, -2.35, -2.53, -2.22,---,---,---,---,---,---,---,---,---
198012,  6.86,  7.77,  5.95,  6.60,  7.71,  5.43,  6.43,  7.58,  5.12,  6.81,  7.87,  5.79,  7.25,  7.95,  6.62,  8.22,  8.11,  8.30,---,---,---,---,---,---,---,---,---
198101,  2.33,  2.33,  2.33,  1.98,  1.94,  2.02,  1.39,  1.59,  1.16,  2.73,  2.40,  3.05,  3.16,  3.06,  3.27,  4.10,  4.55,  3.73,---,---,---,---,---,---,---,---,---
198102, -2.21, -2.41, -2.01, -1.95, -2.10, -1.80, -1.79, -1.86, -1.72, -2.16, -2.43, -1.89, -2.57, -2.93, -2.23, -3.46, -4.08, -2.93,---,---,---,---,---,---,---,---,---
198103,  4.23,  6.14,  2.33,  5.57,  7.61,  3.45,  8.52, 11.85,  4.87,  1.86,  1.94,  1.78,  0.53,  0.77,  0.31, -2.39, -1.99, -2.71,---,---,---,---,---,---,---,---,---
198104,  4.36,  7.34,  1.25,  5.95,  9.24,  2.41, 10.59, 15.07,  5.36, -0.25,  0.70, -1.18, -1.45, -0.70, -2.14, -4.18, -4.14, -4.22,---,---,---,---,---,---,---,---,---
198105, -3.76, -3.47, -4.08, -3.09, -2.77, -3.46, -1.02, -0.34, -1.88, -6.18, -6.86, -5.52, -6.64, -7.26, -6.05, -7.71, -8.30, -7.21,---,---,---,---,---,---,---,---,---
198106,  3.55,  3.30,  3.82,  3.40,  3.22,  3.62,  2.52,  3.02,  1.87,  4.79,  3.57,  5.99,  4.69,  3.67,  5.64,  4.43,  3.92,  4.86,---,---,---,---,---,---,---,---,---
198107, -4.53, -3.81, -5.32, -4.12, -3.33, -5.04, -2.97, -1.87, -4.41, -5.89, -5.92, -5.85, -6.22, -6.30, -6.14, -7.03, -7.29, -6.81,---,---,---,---,---,---,---,---,---
198108,  4.39,  5.38,  3.29,  4.52,  5.48,  3.40,  4.82,  5.80,  3.51,  4.05,  4.88,  3.26,  3.92,  4.83,  3.09,  3.58,  4.69,  2.67,---,---,---,---,---,---,---,---,---
198109, -7.46, -8.07, -6.77, -8.23, -9.00, -7.30,-11.27,-13.55, -8.12, -3.39, -0.44, -6.22, -3.14, -0.56, -5.53, -2.55, -0.89, -3.94,---,---,---,---,---,---,---,---,---
198110, -0.47, -0.74, -0.17, -0.44, -0.79, -0.02, -0.54, -1.22,  0.34, -0.28, -0.09, -0.47, -0.41, -0.17, -0.64, -0.70, -0.38, -0.98,---,---,---,---,---,---,---,---,---
198111,  9.37,  8.92,  9.86,  8.96,  8.32,  9.70,  7.20,  5.89,  8.89, 11.51, 12.27, 10.74, 11.61, 12.52, 10.73, 11.86, 13.18, 10.73,---,---,---,---,---,---,---,---,---
198112, -0.65,  0.46, -1.87, -0.25,  1.05, -1.75,  0.87,  2.87, -1.61, -1.83, -1.73, -1.93, -2.17, -2.23, -2.11, -3.00, -3.55, -2.51,---,---,---,---,---,---,---,---,---
198201, -1.43, -1.63, -1.24, -1.39, -1.51, -1.27, -1.57, -1.56, -1.58, -1.13, -1.43, -0.86, -1.26, -2.03, -0.41, -1.72, -2.35, -1.03,---,---,---,---,---,---,---,---,---
198202, -7.96, -7.05, -8.83, -8.66, -7.81, -9.47, -9.90, -8.95,-10.88, -6.86, -6.01, -7.59, -5.93, -4.97, -6.81, -3.59, -2.64, -4.60,---,---,---,---,---,---,---,---,---
198203, -8.17, -7.33, -8.99, -8.32, -7.56, -9.05, -9.26, -8.87, -9.66, -7.01, -5.56, -8.27, -7.08, -5.72, -8.35, -7.27, -6.07, -8.58,---,---,---,---,---,---,---,---,---
198204,  7.36,  7.42,  7.29,  7.63,  7.82,  7.45,  8.16,  8.63,  7.66,  6.92,  6.62,  7.18,  6.58,  6.18,  6.95,  5.75,  5.22,  6.33,---,---,---,---,---,---,---,---,---
198205, -2.95, -3.65, -2.25, -2.87, -3.53, -2.23, -2.67, -3.46, -1.83, -3.15, -3.63, -2.73, -3.23, -3.85, -2.63, -3.41, -4.36, -2.35,---,---,---,---,---,---,---,---,---
198206, -6.10, -6.02, -6.17, -6.35, -6.34, -6.35, -6.93, -7.14, -6.71, -5.54, -5.12, -5.90, -5.28, -4.87, -5.66, -4.62, -4.27, -4.99,---,---,---,---,---,---,---,---,---
198207, -2.02, -2.12, -1.92, -2.20, -2.43, -1.98, -3.15, -3.55, -2.73, -0.90, -0.76, -1.02, -0.91, -0.64, -1.17, -0.95, -0.39, -1.56,---,---,---,---,---,---,---,---,---
198208, -1.19, -0.86, -1.52, -0.84, -0.36, -1.30,  0.34,  0.80, -0.13, -2.42, -2.06, -2.74, -2.65, -2.51, -2.78, -3.23, -3.52, -2.90,---,---,---,---,---,---,---,---,---
198209, -4.31, -4.62, -4.00, -4.14, -4.32, -3.96, -4.25, -4.24, -4.27, -3.98, -4.45, -3.56, -4.36, -5.02, -3.75, -5.32, -6.27, -4.27,---,---,---,---,---,---,---,---,---
198210,  1.03,  0.21,  1.83,  1.37,  0.44,  2.27,  2.42,  1.68,  3.18, -0.07, -1.42,  1.11, -0.33, -1.31,  0.59, -1.01, -1.06, -0.96,---,---,---,---,---,---,---,---,---
198211, 17.34, 16.39, 18.25, 17.59, 16.53, 18.58, 18.21, 17.37, 19.06, 16.71, 15.23, 17.96, 16.46, 15.34, 17.48, 15.83, 15.59, 16.09,---,---,---,---,---,---,---,---,---
198212, 10.78, 10.44, 11.09, 11.24, 10.84, 11.60, 12.63, 12.63, 12.63,  9.25,  8.04, 10.26,  8.88,  8.06,  9.61,  7.91,  8.12,  7.69,---,---,---,---,---,---,---,---,---
198301, -1.95, -1.51, -2.39, -2.53, -2.18, -2.86, -4.82, -4.44, -5.18,  0.90,  1.13,  0.68,  1.15,  1.38,  1.02,  1.83,  2.10,  1.44,---,---,---,---,---,---,---,---,---
198302,  2.14,  2.58,  1.69,  2.04,  2.53,  1.57,  1.96,  2.33,  1.62,  2.16,  2.81,  1.51,  2.32,  2.82,  1.77,  2.73,  2.82,  2.59,---,---,---,---,---,---,---,---,---
198303,  3.57,  3.55,  3.60,  3.53,  3.57,  3.49,  3.07,  2.97,  3.16,  4.18,  4.40,  3.96,  4.09,  4.10,  4.08,  3.84,  3.43,  4.44,---,---,---,---,---,---,---,---,---
198304,  3.26,  2.25,  4.29,  2.92,  1.80,  4.00,  2.61,  1.77,  3.40,  3.35,  1.85,  4.84,  3.91,  2.68,  5.25,  5.35,  4.52,  6.54,---,---,---,---,---,---,---,---,---
198305,  0.47, -1.81,  2.75,  0.23, -2.22,  2.54, -0.97, -2.89,  0.81,  1.88, -1.31,  4.97,  1.90, -0.81,  4.81,  1.95,  0.25,  4.31,---,---,---,---,---,---,---,---,---
198306,  2.68,  1.38,  3.92,  2.97,  1.54,  4.24,  3.53,  1.89,  5.00,  2.21,  1.08,  3.22,  1.86,  0.92,  2.82,  1.00,  0.60,  1.54,---,---,---,---,---,---,---,---,---
198307,  0.97,  0.52,  1.39,  0.40, -0.14,  0.87, -0.44, -0.86, -0.07,  1.54,  0.83,  2.17,  2.35,  1.77,  2.92,  4.39,  3.74,  5.25,---,---,---,---,---,---,---,---,---
198308, -0.02, -0.41,  0.34, -0.30, -0.71,  0.05, -1.67, -1.48, -1.84,  1.52,  0.30,  2.59,  1.55,  0.52,  2.55,  1.60,  0.99,  2.41,---,---,---,---,---,---,---,---,---
198309,  7.07,  7.36,  6.81,  7.50,  7.86,  7.20,  9.40,  9.27,  9.52,  5.06,  6.04,  4.23,  4.94,  5.70,  4.22,  4.64,  5.02,  4.14,---,---,---,---,---,---,---,---,---
198310,  0.15,  1.22, -0.84, -0.10,  0.96, -1.02, -0.42,  0.95, -1.59,  0.32,  0.97, -0.25,  0.68,  1.46, -0.08,  1.60,  2.47,  0.45,---,---,---,---,---,---,---,---,---
198311, -0.03, -1.10,  0.98, -0.31, -1.45,  0.69, -0.65, -2.02,  0.56,  0.13, -0.70,  0.85,  0.56, -0.29,  1.38,  1.61,  0.55,  3.03,---,---,---,---,---,---,---,---,---
198312,  7.11,  7.29,  6.94,  7.50,  7.85,  7.19,  8.27,  9.12,  7.54,  6.48,  6.20,  6.73,  6.03,  5.70,  6.35,  4.93,  4.70,  5.24,---,---,---,---,---,---,---,---,---
198401,  4.11,  3.87,  4.38,  4.01,  3.88,  4.15,  3.58,  3.52,  3.65,  4.61,  4.39,  4.85,  4.62,  4.28,  4.78,  4.71,  3.82,  5.74,---,---,---,---,---,---,---,---,---
198402, -0.32,  0.22, -0.90, -0.71, -0.04, -1.42, -2.16, -1.23, -3.14,  1.28,  1.62,  0.93,  1.47,  1.63,  1.30,  1.94,  1.67,  2.25,---,---,---,---,---,---,---,---,---
198403, 14.38, 16.18, 12.43, 15.42, 17.48, 13.23, 15.65, 17.63, 13.51, 15.12, 17.29, 12.86, 13.18, 14.81, 11.43,  8.46,  9.05,  7.80,---,---,---,---,---,---,---,---,---
198404, -1.47, -0.83, -2.18, -1.65, -1.11, -2.24, -2.50, -2.61, -2.37, -0.51,  0.92, -2.06, -0.50,  0.88, -2.01, -0.44,  0.77, -1.82,---,---,---,---,---,---,---,---,---
198405,-11.73,-10.87,-12.69,-12.19,-11.40,-13.06,-13.05,-12.10,-14.11,-11.07,-10.49,-11.71,-10.49, -9.72,-11.36, -9.02, -7.80,-10.45,---,---,---,---,---,---,---,---,---
198406,  0.06,  0.07,  0.04,  0.12, -0.05,  0.31, -0.11, -0.63,  0.47,  0.42,  0.69,  0.11,  0.21,  0.70, -0.35, -0.29,  0.75, -1.54,---,---,---,---,---,---,---,---,---
198407, -6.82, -6.63, -7.03, -7.26, -7.14, -7.40, -7.47, -7.26, -7.70, -7.00, -6.99, -7.01, -6.22, -6.07, -6.41, -4.27, -3.82, -4.83,---,---,---,---,---,---,---,---,---
198408,  8.88,  6.44, 11.67,  8.99,  6.66, 11.62,  9.52,  7.92, 11.32,  8.32,  5.06, 12.00,  8.30,  5.12, 12.00,  8.26,  5.27, 11.97,---,---,---,---,---,---,---,---,---
198409, -0.23, -1.71,  1.39, -0.07, -1.46,  1.44,  0.27, -1.23,  1.91, -0.50, -1.76,  0.84, -0.68, -2.15,  0.92, -1.12, -3.05,  1.13,---,---,---,---,---,---,---,---,---
198410,  3.79,  4.28,  3.27,  3.74,  4.16,  3.31,  2.83,  3.31,  2.32,  4.91,  5.26,  4.56,  4.65,  5.15,  4.14,  4.02,  4.90,  3.04,---,---,---,---,---,---,---,---,---
198411,  0.09,  2.92, -2.92, -0.32,  2.68, -3.46, -1.91,  0.29, -4.26,  1.68,  5.71, -2.46,  1.87,  5.27, -1.73,  2.34,  4.24,  0.18,---,---,---,---,---,---,---,---,---
198412,  2.10,  3.74,  0.27,  2.70,  4.49,  0.70,  4.28,  6.09,  2.27,  0.78,  2.56, -1.20,  0.24,  1.74, -1.47, -1.10, -0.23, -2.13,---,---,---,---,---,---,---,---,---
198501,  0.17, -0.25,  0.60, -0.12, -0.72,  0.48, -1.14, -2.10, -0.22,  1.25,  1.04,  1.47,  1.27,  1.34,  1.24,  1.81,  2.31,  1.29,---,---,---,---,---,---,---,---,---
198502,  1.48,  1.10,  1.85,  1.78,  1.38,  2.18,  2.00,  1.01,  2.93,  1.50,  1.85,  1.13,  1.00,  1.19,  0.80, -0.18, -0.38,  0.03,---,---,---,---,---,---,---,---,---
198503,  5.85,  7.33,  4.39,  5.92,  7.19,  4.67,  5.73,  6.24,  5.28,  6.16,  8.37,  3.81,  5.96,  8.28,  3.50,  5.50,  8.10,  2.79,---,---,---,---,---,---,---,---,---
198504, -2.76, -2.64, -2.89, -3.15, -3.16, -3.13, -3.58, -3.44, -3.72, -2.57, -2.83, -2.29, -2.00, -1.95, -2.04, -0.62,  0.14, -1.46,---,---,---,---,---,---,---,---,---
198505,  2.48,  5.51, -0.60,  2.61,  5.67, -0.45,  2.63,  4.36,  1.03,  2.58,  7.24, -2.54,  2.34,  6.49, -2.23,  1.77,  4.72, -1.51,---,---,---,---,---,---,---,---,---
198506,  3.81,  5.09,  2.44,  3.91,  5.15,  2.59,  4.32,  4.82,  3.84,  3.37,  5.53,  0.75,  3.35,  5.31,  0.99,  3.31,  4.80,  1.54,---,---,---,---,---,---,---,---,---
198507,  1.41,  4.67, -2.19,  0.78,  3.80, -2.50, -1.12, -0.03, -2.17,  3.29,  8.25, -2.98,  3.75,  8.50, -2.20,  4.84,  9.13, -0.39,---,---,---,---,---,---,---,---,---
198508,  2.77,  3.60,  1.78,  2.69,  3.66,  1.58,  1.63,  3.08,  0.21,  4.03,  4.28,  3.67,  3.76,  3.99,  3.44,  3.15,  3.31,  2.94,---,---,---,---,---,---,---,---,---
198509, 12.34, 15.42,  8.63, 12.52, 15.94,  8.49, 12.92, 16.47,  9.33, 12.03, 15.39,  7.24, 11.84, 14.64,  7.92, 11.39, 12.82,  9.46,---,---,---,---,---,---,---,---,---
198510,  2.00, -1.84,  6.93,  2.19, -1.76,  7.17,  2.99,  0.29,  5.92,  1.19, -3.92,  9.06,  1.14, -3.44,  7.97,  1.00, -2.27,  5.55,---,---,---,---,---,---,---,---,---
198511,  3.31,  2.19,  4.62,  2.65,  1.49,  4.01,  1.71,  0.97,  2.47,  3.83,  2.05,  6.25,  4.71,  3.15,  6.81,  6.80,  5.79,  8.10,---,---,---,---,---,---,---,---,---
198512,  3.65,  3.38,  3.96,  4.31,  3.93,  4.75,  6.18,  5.78,  6.59,  2.01,  1.91,  2.15,  1.48,  1.55,  1.40,  0.26,  0.71, -0.30,---,---,---,---,---,---,---,---,---
198601,  5.41,  4.62,  6.15,  4.69,  3.82,  5.51,  4.25,  3.85,  4.60,  5.26,  3.79,  6.85,  6.34,  5.39,  7.33,  9.12,  8.97,  9.24,---,---,---,---,---,---,---,---,---
198602, 11.90, 13.79, 10.17, 11.66, 13.16, 10.26, 10.92, 10.39, 11.38, 12.62, 16.40,  8.67, 12.77, 16.59,  9.05, 13.10, 17.06,  9.77,---,---,---,---,---,---,---,---,---
198603, 16.50, 18.88, 14.24, 18.92, 21.28, 16.65, 22.22, 24.15, 20.58, 14.72, 18.10, 10.94, 11.55, 14.77,  8.19,  4.74,  6.79,  2.91,---,---,---,---,---,---,---,---,---
198604,  6.80,  5.30,  8.28,  6.07,  4.82,  7.32,  5.40,  6.25,  4.66,  6.98,  3.16, 11.53,  8.09,  4.49, 12.08, 10.78,  8.04, 13.31,---,---,---,---,---,---,---,---,---
198605,  1.33,  2.51,  0.19,  1.04,  2.17, -0.06,  0.03,  0.74, -0.61,  2.39,  3.87,  0.76,  2.52,  4.03,  0.97,  2.83,  4.44,  1.41,---,---,---,---,---,---,---,---,---
198606,  9.92, 11.13,  8.74,  9.50, 10.66,  8.34,  8.71,  8.16,  9.20, 10.53, 13.56,  7.08, 11.02, 13.58,  8.30, 12.10, 13.62, 10.72,---,---,---,---,---,---,---,---,---
198607, 11.78, 10.06, 13.51, 13.48, 11.08, 15.93, 17.27, 11.52, 22.41,  8.65, 10.59,  6.29,  6.96,  8.91,  4.79,  3.24,  4.69,  1.89,---,---,---,---,---,---,---,---,---
198608,  7.12,  9.07,  5.22,  8.96, 11.21,  6.77, 11.83, 15.14,  9.13,  5.01,  6.84,  2.72,  2.59,  4.19,  0.74, -3.04, -2.85, -3.22,---,---,---,---,---,---,---,---,---
198609,  0.61,  0.88,  0.33,  1.99,  2.21,  1.77,  6.29,  7.54,  5.22, -4.30, -4.14, -4.51, -5.32, -5.01, -5.70, -7.97, -7.61, -8.31,---,---,---,---,---,---,---,---,---
198610,-12.06,-14.35, -9.73,-12.99,-15.32,-10.59,-15.08,-16.94,-13.43, -9.60,-13.15, -4.93, -8.51,-11.73, -4.63, -5.69, -7.45, -3.98,---,---,---,---,---,---,---,---,---
198611,  6.55,  7.54,  5.59,  6.29,  7.24,  5.35,  4.90,  5.48,  4.41,  8.39,  9.50,  7.06,  8.33,  9.48,  7.05,  8.20,  9.43,  7.06,---,---,---,---,---,---,---,---,---
198612,  3.89,  4.10,  3.69,  4.65,  4.70,  4.60,  6.67,  7.14,  6.27,  1.65,  1.68,  1.61,  0.94,  1.32,  0.50, -0.80,  0.30, -1.84,---,---,---,---,---,---,---,---,---
198701, 14.31, 16.12, 12.60, 14.99, 16.68, 13.47, 15.37, 14.33, 16.13, 14.37, 19.53,  8.00, 13.11, 16.89,  8.28,  9.79, 13.06,  5.41,---,---,---,---,---,---,---,---,---
198702,  2.40,  0.33,  4.42,  2.77,  0.36,  4.99,  3.23, -0.62,  6.00,  2.03,  1.51,  2.75,  1.43,  1.13,  1.85, -0.21,  0.11, -0.67,---,---,---,---,---,---,---,---,---
198703,  7.32, 10.05,  4.76,  7.18, 10.02,  4.69,  6.13,  8.24,  4.72,  8.87, 12.04,  4.60,  8.73, 11.57,  4.82,  8.31, 10.26,  5.47,---,---,---,---,---,---,---,---,---
198704, 13.22, 14.42, 12.05, 13.92, 15.12, 12.82, 14.47, 15.29, 13.90, 13.06, 14.94, 10.35, 11.78, 13.75,  8.90,  8.22, 10.47,  4.82,---,---,---,---,---,---,---,---,---
198705,  0.84,  2.58, -0.91, -0.23,  1.70, -2.05, -2.55,  0.56, -4.73,  3.48,  2.95,  4.26,  4.87,  4.22,  5.85,  8.88,  7.80, 10.60,---,---,---,---,---,---,---,---,---
198706, -5.19, -3.57, -6.87, -6.33, -4.73, -7.89, -8.66, -5.26,-11.18, -2.82, -4.16, -0.82, -1.36, -2.24, -0.03,  2.67,  2.96,  2.22,---,---,---,---,---,---,---,---,---
198707, -2.04, -2.04, -2.05, -2.75, -2.80, -2.70, -3.17, -2.09, -4.03, -2.15, -3.56, -0.13, -0.90, -2.01,  0.74,  2.41,  1.94,  3.13,---,---,---,---,---,---,---,---,---
198708, 11.72, 11.10, 12.40, 11.56, 10.69, 12.43, 11.36,  8.05, 14.03, 11.83, 13.52,  9.47, 12.08, 13.40, 10.20, 12.72, 13.10, 12.13,---,---,---,---,---,---,---,---,---
198709, -2.43, -0.20, -4.81, -2.40,  0.22, -5.00, -1.69,  3.47, -5.64, -3.38, -3.10, -3.77, -3.18, -2.85, -3.66, -2.66, -2.23, -3.32,---,---,---,---,---,---,---,---,---
198710, -5.41, -5.57, -5.23, -5.75, -6.18, -5.30, -5.66, -8.24, -3.50, -5.88, -3.94, -8.70, -5.15, -3.52, -7.58, -3.37, -2.52, -4.70,---,---,---,---,---,---,---,---,---
198711,  0.48,  1.33, -0.46,  0.19,  1.10, -0.75, -0.50,  1.23, -1.89,  1.18,  0.96,  1.51,  1.46,  1.40,  1.55,  2.13,  2.42,  1.66,---,---,---,---,---,---,---,---,---
198712,  0.47,  2.02, -1.29, -0.61,  1.09, -2.41, -3.08, -0.51, -5.21,  2.84,  2.76,  2.96,  3.94,  3.87,  4.04,  6.53,  6.42,  6.69,---,---,---,---,---,---,---,---,---
198801,  7.95,  8.29,  7.58,  8.02,  8.41,  7.62,  8.80,  8.77,  8.83,  6.94,  8.01,  5.56,  7.04,  7.93,  5.92,  7.56,  7.73,  7.36,---,---,---,---,---,---,---,---,---
198802,  7.36,  7.28,  7.45,  7.47,  7.43,  7.52,  7.83,  6.93,  8.58,  6.97,  7.98,  5.63,  6.91,  7.54,  6.08,  6.79,  6.57,  7.07,---,---,---,---,---,---,---,---,---
198803,  7.01,  8.25,  5.71,  7.37,  8.75,  5.96,  8.25, 10.36,  6.48,  6.13,  6.96,  5.02,  5.82,  6.62,  4.76,  5.14,  5.86,  4.23,---,---,---,---,---,---,---,---,---
198804,  2.66,  3.31,  1.96,  2.04,  2.68,  1.37,  0.97,  1.74,  0.30,  3.59,  3.76,  3.34,  4.33,  4.56,  4.03,  6.00,  6.40,  5.49,---,---,---,---,---,---,---,---,---
198805, -2.56, -0.95, -4.32, -3.64, -2.17, -5.20, -5.21, -3.75, -6.50, -1.43, -0.38, -2.88, -0.02,  1.23, -1.71,  3.01,  4.80,  0.70,---,---,---,---,---,---,---,---,---
198806, -2.91, -1.00, -5.08, -2.57, -0.29, -5.07, -2.11,  1.12, -5.04, -3.18, -1.82, -5.11, -3.64, -2.57, -5.12, -4.56, -4.13, -5.14,---,---,---,---,---,---,---,---,---
198807,  2.92,  4.38,  1.20,  4.28,  6.17,  2.10,  7.85, 12.29,  3.56, -0.57, -0.70, -0.38, -1.61, -1.69, -1.49, -3.76, -3.82, -3.67,---,---,---,---,---,---,---,---,---
198808, -6.87, -7.04, -6.67, -7.43, -7.73, -7.06, -9.37,-10.31, -8.37, -4.57, -4.44, -4.75, -4.36, -4.16, -4.65, -3.93, -3.55, -4.45,---,---,---,---,---,---,---,---,---
198809,  2.27,  4.48, -0.45,  2.89,  5.41, -0.14,  3.57,  6.67,  0.37,  1.92,  3.91, -1.00,  1.01,  2.68, -1.38, -0.91, -0.01, -2.16,---,---,---,---,---,---,---,---,---
198810,  7.54,  8.26,  6.61,  7.91,  8.49,  7.18,  8.47,  7.81,  9.21,  7.10,  9.32,  3.66,  6.63,  8.66,  3.58,  5.56,  7.11,  3.40,---,---,---,---,---,---,---,---,---
198811,  8.41,  8.07,  8.85,  8.25,  7.85,  8.77,  8.79,  8.63,  8.96,  7.48,  6.91,  8.42,  8.03,  7.59,  8.72,  9.26,  9.18,  9.36,---,---,---,---,---,---,---,---,---
198812,  0.02, -0.88,  1.18,  0.26, -0.82,  1.63, -0.15, -2.49,  2.38,  0.86,  1.23,  0.25,  0.18,  0.49, -0.30, -1.30, -1.21, -1.44,---,---,---,---,---,---,---,---,---
198901,  1.99,  2.64,  1.34,  1.25,  1.76,  0.77,  0.67,  0.83,  0.55,  2.12,  2.91,  1.16,  3.28,  4.06,  2.35,  6.00,  7.09,  4.75,---,---,---,---,---,---,---,---,---
198902,  1.14,  3.14, -0.87,  1.37,  3.76, -0.97,  0.73,  3.72, -1.78,  2.31,  3.80,  0.47,  1.56,  2.66,  0.22, -0.04,  0.19, -0.31,---,---,---,---,---,---,---,---,---
198903, -3.02, -2.26, -3.83, -3.36, -2.52, -4.23, -5.96, -4.26, -7.47,  0.37, -0.42,  1.38, -0.13, -0.59,  0.44, -1.22, -0.97, -1.52,---,---,---,---,---,---,---,---,---
198904,  1.15,  1.13,  1.18,  0.52,  0.40,  0.64, -0.40, -0.77, -0.06,  1.76,  1.76,  1.76,  2.59,  2.65,  2.51,  4.42,  4.65,  4.14,---,---,---,---,---,---,---,---,---
198905, -5.58, -5.00, -6.20, -5.96, -5.22, -6.73, -5.95, -4.41, -7.36, -5.97, -6.14, -5.76, -5.24, -5.45, -4.99, -3.67, -3.92, -3.36,---,---,---,---,---,---,---,---,---
198906, -4.54, -4.61, -4.46, -5.00, -5.05, -4.95, -5.92, -5.55, -6.28, -3.79, -4.49, -2.92, -3.33, -3.89, -2.62, -2.32, -2.59, -2.00,---,---,---,---,---,---,---,---,---
198907, 11.61, 11.47, 11.77, 11.99, 11.73, 12.26, 12.61, 11.30, 13.86, 11.20, 12.22,  9.93, 10.75, 11.59,  9.73,  9.84, 10.26,  9.33,---,---,---,---,---,---,---,---,---
198908, -5.42, -5.01, -5.85, -6.39, -5.83, -6.99, -8.17, -7.09, -9.17, -4.10, -4.43, -3.69, -3.01, -3.43, -2.49, -0.73, -1.29, -0.07,---,---,---,---,---,---,---,---,---
198909,  8.23,  9.43,  6.92,  7.20,  8.30,  6.01,  5.36,  5.85,  4.89,  9.48, 10.97,  7.61, 10.60, 12.05,  8.83, 12.87, 14.29, 11.20,---,---,---,---,---,---,---,---,---
198910, -1.85, -1.16, -2.63, -1.75, -1.00, -2.58, -1.80, -0.47, -3.09, -1.69, -1.53, -1.88, -1.89, -1.63, -2.21, -2.27, -1.81, -2.83,---,---,---,---,---,---,---,---,---
198911,  4.49,  4.16,  4.86,  4.66,  4.07,  5.32,  5.63,  3.99,  7.26,  3.51,  4.16,  2.68,  3.59,  4.29,  2.71,  3.75,  4.55,  2.78,---,---,---,---,---,---,---,---,---
198912,  1.16,  1.43,  0.85,  0.19,  0.47, -0.12, -1.40, -1.14, -1.64,  2.11,  2.14,  2.06,  3.19,  3.20,  3.19,  5.32,  5.33,  5.31,---,---,---,---,---,---,---,---,---
199001, -5.17, -5.52, -4.82, -5.99, -6.15, -5.82, -6.98, -6.60, -7.46, -4.65, -5.45, -3.90, -3.41, -4.17, -2.88, -0.70, -0.86, -0.60,---,---,---,---,---,---,---,---,---
199002, -8.36, -9.18, -7.54, -9.22, -9.92, -8.48, -9.94,-10.44, -9.31, -8.29, -9.11, -7.54, -6.93, -7.76, -6.24, -3.87, -4.00, -3.79,---,---,---,---,---,---,---,---,---
199003,-17.99,-17.49,-18.47,-18.83,-18.05,-19.67,-19.56,-17.65,-21.89,-17.89,-18.63,-17.23,-16.60,-17.30,-16.04,-13.85,-13.78,-13.90,---,---,---,---,---,---,---,---,---
199004, -1.28, -0.97, -1.59,  0.07,  0.07,  0.07,  1.12,  1.11,  1.14, -1.25, -1.49, -1.04, -3.30, -3.20, -3.38, -7.48, -7.49, -7.47,---,---,---,---,---,---,---,---,---
199005, 15.76, 15.45, 16.07, 15.32, 15.12, 15.54, 15.09, 14.36, 16.03, 15.62, 16.30, 15.01, 16.35, 16.67, 16.10, 17.95, 17.65, 18.13,---,---,---,---,---,---,---,---,---
199006, -3.79, -4.79, -2.81, -5.18, -5.84, -4.46, -6.80, -6.83, -6.77, -3.10, -4.32, -2.01, -1.17, -2.53, -0.09,  2.93,  2.18,  3.39,---,---,---,---,---,---,---,---,---
199007,  0.50, -0.41,  1.39, -0.67, -1.25, -0.06, -2.97, -3.44, -2.37,  2.14,  1.99,  2.28,  3.36,  2.79,  3.80,  5.76,  4.71,  6.39,---,---,---,---,---,---,---,---,---
199008,-10.88, -9.55,-12.15,-10.31, -8.92,-11.78, -8.81, -7.09,-10.96,-12.07,-11.49,-12.57,-12.48,-11.97,-12.87,-13.28,-13.12,-13.37,---,---,---,---,---,---,---,---,---
199009,-16.20,-14.45,-17.90,-15.84,-14.49,-17.32,-14.92,-13.92,-16.22,-16.97,-15.33,-18.40,-17.22,-15.00,-18.93,-17.72,-14.22,-19.82,---,---,---,---,---,---,---,---,---
199010, 25.93, 22.46, 29.46, 25.79, 22.42, 29.58, 24.65, 20.78, 29.86, 27.19, 24.86, 29.31, 26.98, 24.24, 29.20, 26.56, 22.72, 29.03,---,---,---,---,---,---,---,---,---
199011,-14.70,-13.11,-16.23,-14.09,-12.65,-15.62,-12.54,-11.77,-13.50,-15.97,-13.93,-17.76,-16.44,-14.46,-17.97,-17.37,-15.80,-18.33,---,---,---,---,---,---,---,---,---
199012,  1.57,  2.27,  0.87,  2.85,  3.16,  2.51,  4.88,  4.06,  5.94,  0.28,  1.83, -1.14, -1.22,  0.39, -2.53, -4.23, -3.18, -4.89,---,---,---,---,---,---,---,---,---
199101,  1.29,  1.56,  1.01,  2.31,  2.29,  2.32,  3.29,  3.21,  3.40,  0.98,  0.92,  1.03, -0.41, -0.09, -0.56, -3.46, -2.94, -3.80,---,---,---,---,---,---,---,---,---
199102, 15.67, 16.44, 14.89, 14.54, 15.67, 13.30, 12.49, 14.31, 10.27, 17.38, 17.75, 17.02, 18.64, 18.80, 18.50, 21.24, 21.48, 21.07,---,---,---,---,---,---,---,---,---
199103, -5.28, -6.59, -3.95, -6.14, -7.43, -4.69, -7.17, -8.12, -5.99, -4.78, -6.40, -3.19, -3.62, -4.96, -2.46, -1.29, -1.39, -1.22,---,---,---,---,---,---,---,---,---
199104,  1.42,  1.15,  1.70,  1.13,  0.95,  1.33,  1.00,  0.90,  1.12,  1.30,  1.02,  1.56,  1.79,  1.42,  2.11,  2.72,  2.31,  3.00,---,---,---,---,---,---,---,---,---
199105, -0.71, -0.98, -0.43, -0.64, -0.95, -0.30, -0.88, -1.55, -0.06, -0.34, -0.08, -0.58, -0.56, -0.40, -0.70, -0.98, -1.12, -0.89,---,---,---,---,---,---,---,---,---
199106, -7.17, -7.69, -6.65, -7.65, -7.97, -7.31, -7.89, -7.47, -8.39, -7.36, -8.68, -6.10, -6.57, -7.91, -5.44, -5.05, -6.10, -4.37,---,---,---,---,---,---,---,---,---
199107,  2.26,  3.01,  1.52,  3.14,  3.67,  2.57,  4.59,  4.39,  4.82,  1.31,  2.62,  0.10,  0.34,  1.63, -0.70, -1.47, -0.65, -2.00,---,---,---,---,---,---,---,---,---
199108, -6.85, -6.36, -7.34, -5.99, -5.75, -6.25, -5.03, -5.51, -4.45, -7.24, -6.10, -8.32, -8.42, -7.24, -9.39,-10.67, -9.93,-11.15,---,---,---,---,---,---,---,---,---
199109,  9.86, 10.03,  9.69,  9.51,  9.75,  9.25,  7.70,  8.26,  7.03, 11.94, 11.97, 11.91, 11.79, 11.92, 11.68, 11.49, 11.79, 11.29,---,---,---,---,---,---,---,---,---
199110,  3.26,  3.06,  3.46,  3.04,  2.65,  3.46,  3.26,  2.33,  4.39,  2.76,  3.13,  2.40,  3.26,  3.81,  2.80,  4.27,  5.47,  3.46,---,---,---,---,---,---,---,---,---
199111, -8.14, -8.21, -8.08, -7.64, -7.93, -7.33, -7.26, -8.35, -5.97, -8.13, -7.33, -8.91, -8.89, -8.06, -9.61,-10.40, -9.82,-10.79,---,---,---,---,---,---,---,---,---
199112,  2.88,  3.29,  2.47,  3.06,  3.30,  2.80,  2.87,  3.19,  2.50,  3.30,  3.46,  3.15,  2.89,  3.39,  2.45,  2.06,  3.23,  1.26,---,---,---,---,---,---,---,---,---
199201, -3.82, -3.43, -4.20, -3.94, -3.32, -4.58, -4.28, -2.39, -6.32, -3.50, -4.61, -2.46, -3.42, -4.20, -2.76, -3.23, -4.00, -2.56,---,---,---,---,---,---,---,---,---
199202, -6.47, -6.86, -6.09, -6.94, -7.37, -6.50, -7.72, -7.87, -7.55, -5.94, -6.66, -5.28, -5.39, -5.87, -4.97, -4.28, -4.19, -4.36,---,---,---,---,---,---,---,---,---
199203,-10.71,-10.04,-11.36,-10.59, -9.90,-11.29,-10.43, -9.59,-11.38,-10.78,-10.34,-11.18,-10.95,-10.48,-11.36,-11.28,-10.78,-11.69,---,---,---,---,---,---,---,---,---
199204, -5.84, -5.15, -6.53, -5.18, -4.29, -6.10, -3.03, -0.74, -5.63, -7.92, -9.34, -6.64, -8.23, -9.39, -7.20, -8.85, -9.51, -8.30,---,---,---,---,---,---,---,---,---
199205,  8.48,  7.69,  9.28,  7.93,  7.05,  8.85,  6.11,  4.84,  7.63, 10.36, 10.50, 10.24, 10.62, 10.70, 10.55, 11.14, 11.12, 11.17,---,---,---,---,---,---,---,---,---
199206, -7.62, -7.81, -7.44, -7.62, -7.79, -7.44, -7.30, -6.87, -7.79, -8.04, -9.15, -7.05, -7.90, -8.75, -7.17, -7.63, -7.91, -7.40,---,---,---,---,---,---,---,---,---
199207, -4.06, -3.45, -4.66, -3.10, -2.71, -3.51, -2.01, -3.15, -0.67, -4.52, -2.05, -6.66, -5.84, -3.75, -7.61, -8.50, -7.27, -9.51,---,---,---,---,---,---,---,---,---
199208, 15.10, 14.26, 15.94, 15.71, 14.79, 16.66, 15.76, 13.68, 18.14, 15.64, 16.45, 14.90, 14.50, 14.85, 14.18, 12.09, 11.36, 12.71,---,---,---,---,---,---,---,---,---
199209, -1.73, -1.33, -2.12, -2.02, -1.61, -2.43, -2.36, -2.18, -2.55, -1.56, -0.77, -2.29, -1.15, -0.46, -1.77, -0.25,  0.25, -0.68,---,---,---,---,---,---,---,---,---
199210, -6.03, -5.81, -6.25, -5.96, -5.76, -6.16, -5.63, -5.30, -5.99, -6.40, -6.43, -6.37, -6.39, -6.32, -6.45, -6.36, -6.06, -6.61,---,---,---,---,---,---,---,---,---
199211,  1.77,  1.53,  2.01,  2.06,  1.82,  2.30,  2.35,  1.92,  2.84,  1.66,  1.67,  1.65,  1.24,  1.13,  1.34,  0.34, -0.07,  0.68,---,---,---,---,---,---,---,---,---
199212, -0.73, -0.89, -0.58, -0.96, -1.18, -0.73, -0.48, -0.62, -0.32, -1.60, -2.00, -1.23, -0.97, -1.16, -0.80,  0.42,  0.79,  0.11,---,---,---,---,---,---,---,---,---
199301, -0.54, -0.72, -0.36, -0.33, -0.50, -0.16, -0.04, -0.45,  0.34, -0.72, -0.56, -0.87, -1.01, -0.84, -1.20, -1.63, -1.77, -1.47,---,---,---,---,---,---,---,---,---
199302,  4.27,  3.72,  4.81,  4.07,  3.34,  4.76,  4.27,  2.76,  5.67,  3.79,  4.12,  3.46,  4.28,  4.58,  3.96,  5.34,  5.53,  5.13,---,---,---,---,---,---,---,---,---
199303, 15.69, 16.80, 14.62, 15.71, 16.83, 14.67, 16.80, 18.27, 15.47, 14.20, 14.91, 13.52, 14.64, 15.49, 13.76, 15.57, 16.66, 14.33,---,---,---,---,---,---,---,---,---
199304, 17.89, 19.03, 16.76, 17.94, 19.08, 16.86, 18.42, 19.69, 17.26, 17.26, 18.26, 16.27, 17.37, 18.44, 16.26, 17.60, 18.80, 16.21,---,---,---,---,---,---,---,---,---
199305,  3.56,  3.51,  3.61,  2.05,  1.70,  2.39,  0.35, -0.76,  1.39,  4.48,  5.09,  3.86,  6.68,  7.42,  5.91, 11.35, 11.98, 10.59,---,---,---,---,---,---,---,---,---
199306, -3.58, -3.79, -3.38, -3.24, -3.52, -2.97, -3.12, -4.02, -2.30, -3.40, -2.87, -3.94, -4.00, -3.59, -4.44, -5.20, -4.92, -5.52,---,---,---,---,---,---,---,---,---
199307,  5.35,  5.19,  5.51,  5.77,  5.71,  5.84,  6.29,  6.16,  6.40,  5.07,  5.13,  5.01,  4.49,  4.37,  4.61,  3.32,  2.96,  3.75,---,---,---,---,---,---,---,---,---
199308,  3.49,  3.69,  3.29,  3.58,  3.85,  3.33,  3.69,  4.15,  3.28,  3.43,  3.46,  3.40,  3.30,  3.30,  3.30,  3.02,  2.98,  3.07,---,---,---,---,---,---,---,---,---
199309, -4.10, -4.62, -3.58, -4.34, -4.76, -3.94, -4.93, -4.85, -4.99, -3.53, -4.63, -2.38, -3.32, -4.43, -2.13, -2.91, -4.03, -1.59,---,---,---,---,---,---,---,---,---
199310, -3.46, -3.16, -3.76, -2.37, -1.93, -2.78, -0.53,  0.31, -1.30, -4.88, -4.85, -4.92, -6.16, -6.14, -6.19, -8.78, -8.60, -8.98,---,---,---,---,---,---,---,---,---
199311,-15.06,-15.41,-14.72,-14.53,-14.73,-14.35,-13.85,-13.66,-14.03,-15.51,-16.19,-14.81,-16.24,-17.02,-15.42,-17.82,-18.67,-16.83,---,---,---,---,---,---,---,---,---
199312,  1.87,  2.59,  1.16,  1.84,  2.64,  1.08,  2.23,  3.65,  0.91,  1.28,  1.23,  1.33,  1.51,  1.58,  1.44,  2.02,  2.31,  1.68,---,---,---,---,---,---,---,---,---
199401, 15.89, 16.70, 15.13, 15.52, 16.30, 14.81, 16.02, 16.27, 15.82, 14.76, 16.34, 13.15, 15.76, 17.10, 14.24, 17.97, 18.51, 17.26,---,---,---,---,---,---,---,---,---
199402,  5.37,  5.65,  5.10,  5.19,  5.52,  4.90,  5.25,  5.75,  4.84,  5.11,  5.22,  5.00,  5.49,  5.57,  5.39,  6.32,  6.26,  6.39,---,---,---,---,---,---,---,---,---
199403, -2.02, -1.35, -2.68, -2.72, -2.15, -3.24, -3.79, -2.88, -4.55, -1.10, -1.16, -1.05, -0.21,  0.01, -0.45,  1.70,  2.24,  0.98,---,---,---,---,---,---,---,---,---
199404,  2.60,  3.77,  1.46,  2.47,  3.69,  1.34,  2.29,  3.71,  1.07,  2.75,  3.66,  1.78,  2.91,  3.82,  1.89,  3.26,  4.10,  2.15,---,---,---,---,---,---,---,---,---
199405,  2.69,  4.16,  1.21,  2.96,  4.63,  1.37,  3.19,  5.31,  1.34,  2.61,  3.73,  1.42,  2.19,  3.17,  1.06,  1.32,  2.15,  0.19,---,---,---,---,---,---,---,---,---
199406,  5.32,  5.43,  5.21,  4.73,  4.64,  4.81,  4.27,  4.07,  4.45,  5.39,  5.40,  5.39,  6.37,  6.62,  6.07,  8.40,  8.91,  7.69,---,---,---,---,---,---,---,---,---
199407, -3.12, -3.12, -3.12, -3.13, -3.13, -3.13, -3.73, -4.00, -3.48, -2.26, -1.97, -2.57, -2.53, -2.37, -2.72, -3.08, -3.09, -3.06,---,---,---,---,---,---,---,---,---
199408,  0.81,  1.35,  0.25,  1.14,  1.78,  0.52,  1.62,  2.66,  0.67,  0.47,  0.64,  0.27,  0.04,  0.26, -0.21, -0.82, -0.46, -1.33,---,---,---,---,---,---,---,---,---
199409, -2.55, -2.32, -2.78, -2.24, -1.95, -2.52, -2.11, -1.52, -2.65, -2.42, -2.51, -2.32, -2.97, -3.01, -2.92, -4.11, -3.93, -4.36,---,---,---,---,---,---,---,---,---
199410,  1.63,  2.45,  0.77,  1.83,  2.69,  0.98,  2.21,  3.31,  1.18,  1.29,  1.87,  0.65,  1.07,  1.70,  0.30,  0.62,  1.41, -0.50,---,---,---,---,---,---,---,---,---
199411, -5.71, -6.03, -5.38, -5.33, -5.64, -5.01, -5.27, -5.67, -4.90, -5.41, -5.60, -5.19, -6.15, -6.34, -5.91, -7.73, -7.78, -7.67,---,---,---,---,---,---,---,---,---
199412,  1.41,  1.27,  1.55,  1.11,  0.85,  1.38,  1.11,  0.44,  1.74,  1.11,  1.39,  0.81,  1.70,  2.01,  1.34,  2.99,  3.21,  2.69,---,---,---,---,---,---,---,---,---
199501, -5.76, -4.92, -6.55, -6.27, -5.49, -7.01, -6.99, -6.99, -6.99, -5.21, -3.33, -7.02, -4.50, -2.98, -5.89, -3.15, -2.19, -4.16,---,---,---,---,---,---,---,---,---
199502, -6.11, -6.35, -5.87, -5.75, -6.14, -5.38, -5.11, -5.40, -4.84, -6.68, -7.17, -6.19, -7.06, -7.22, -6.90, -7.83, -7.33, -8.37,---,---,---,---,---,---,---,---,---
199503,  7.60,  7.30,  7.89,  8.28,  7.87,  8.66,  9.01,  8.50,  9.48,  7.21,  6.98,  7.42,  6.22,  6.18,  6.26,  4.25,  4.64,  3.83,---,---,---,---,---,---,---,---,---
199504,  6.43,  6.36,  6.51,  6.64,  6.51,  6.76,  7.01,  6.44,  7.52,  6.10,  6.62,  5.58,  5.86,  6.28,  5.43,  5.36,  5.59,  5.12,---,---,---,---,---,---,---,---,---
199505, -5.46, -5.46, -5.46, -4.98, -4.98, -4.97, -4.60, -4.76, -4.45, -5.55, -5.29, -5.80, -6.33, -6.12, -6.55, -7.96, -7.77, -8.17,---,---,---,---,---,---,---,---,---
199506, -5.15, -5.54, -4.77, -4.92, -5.31, -4.56, -4.32, -4.32, -4.33, -5.83, -6.74, -4.93, -6.01, -6.74, -5.26, -6.38, -6.74, -6.00,---,---,---,---,---,---,---,---,---
199507,  6.37,  6.81,  5.95,  6.31,  6.99,  5.68,  6.38,  7.89,  5.02,  6.21,  5.67,  6.73,  6.36,  5.73,  6.99,  6.69,  5.85,  7.58,---,---,---,---,---,---,---,---,---
199508, -2.28, -2.18, -2.37, -2.47, -2.19, -2.73, -2.81, -1.53, -3.99, -1.94, -3.19, -0.73, -1.72, -2.85, -0.59, -1.24, -2.16, -0.28,---,---,---,---,---,---,---,---,---
199509,  0.24, -0.42,  0.88,  0.60,  0.04,  1.12,  1.13,  1.20,  1.05, -0.22, -1.76,  1.24, -0.68, -2.09,  0.69, -1.66, -2.77, -0.51,---,---,---,---,---,---,---,---,---
199510, -4.94, -5.53, -4.38, -5.00, -5.63, -4.41, -5.33, -5.63, -5.05, -4.49, -5.64, -3.44, -4.52, -5.42, -3.67, -4.60, -4.97, -4.21,---,---,---,---,---,---,---,---,---
199511,  4.33,  5.34,  3.39,  4.29,  5.30,  3.35,  4.72,  5.47,  4.01,  3.62,  5.03,  2.36,  3.93,  5.20,  2.75,  4.60,  5.54,  3.65,---,---,---,---,---,---,---,---,---
199512,  4.79,  5.43,  4.19,  4.57,  5.16,  4.02,  4.75,  5.18,  4.33,  4.30,  5.14,  3.53,  4.84,  5.69,  4.04,  6.00,  6.80,  5.17,---,---,---,---,---,---,---,---,---
199601, -1.12, -0.30, -1.95, -1.48, -0.79, -2.15, -1.76, -0.86, -2.52, -1.05, -0.71, -1.47, -0.46,  0.18, -1.23,  0.78,  2.00, -0.75,---,---,---,---,---,---,---,---,---
199602, -0.73, -0.71, -0.76, -0.65, -0.56, -0.75, -1.10, -0.98, -1.21,  0.04, -0.01,  0.10, -0.35, -0.48, -0.20, -1.14, -1.39, -0.82,---,---,---,---,---,---,---,---,---
199603,  2.92,  3.38,  2.44,  2.96,  3.37,  2.56,  2.90,  3.09,  2.73,  3.05,  3.74,  2.22,  2.93,  3.63,  2.08,  2.68,  3.40,  1.76,---,---,---,---,---,---,---,---,---
199604,  7.01,  7.30,  6.70,  6.44,  6.61,  6.28,  6.03,  5.97,  6.08,  7.08,  7.44,  6.64,  8.01,  8.44,  7.47,  9.93, 10.44,  9.26,---,---,---,---,---,---,---,---,---
199605, -5.60, -5.36, -5.85, -5.75, -5.53, -5.98, -5.97, -5.63, -6.26, -5.43, -5.39, -5.48, -5.23, -5.12, -5.35, -4.82, -4.61, -5.09,---,---,---,---,---,---,---,---,---
199606,  0.75,  1.07,  0.42,  0.91,  1.34,  0.48,  1.50,  2.14,  0.93,  0.04,  0.32, -0.31,  0.01,  0.17, -0.19, -0.04, -0.11,  0.06,---,---,---,---,---,---,---,---,---
199607, -4.61, -4.73, -4.48, -4.25, -4.32, -4.18, -4.44, -4.33, -4.53, -3.96, -4.30, -3.55, -4.78, -5.06, -4.42, -6.40, -6.52, -6.23,---,---,---,---,---,---,---,---,---
199608, -3.78, -4.10, -3.45, -3.85, -4.27, -3.43, -3.42, -3.87, -3.02, -4.50, -4.79, -4.14, -4.15, -4.30, -3.96, -3.45, -3.36, -3.58,---,---,---,---,---,---,---,---,---
199609,  2.39,  2.78,  1.98,  2.90,  3.40,  2.40,  3.46,  4.10,  2.89,  2.06,  2.50,  1.53,  1.30,  1.65,  0.87, -0.22,  0.01, -0.51,---,---,---,---,---,---,---,---,---
199610, -6.22, -6.32, -6.10, -6.23, -6.39, -6.06, -6.40, -6.67, -6.16, -5.96, -6.02, -5.89, -6.03, -6.02, -6.03, -6.16, -6.02, -6.35,---,---,---,---,---,---,---,---,---
199611,  0.75,  1.09,  0.38,  1.51,  1.96,  1.05,  2.93,  4.10,  1.90, -0.69, -0.85, -0.49, -1.53, -1.54, -1.51, -3.24, -2.90, -3.68,---,---,---,---,---,---,---,---,---
199612, -7.00, -7.62, -6.36, -6.29, -6.87, -5.71, -5.41, -5.31, -5.51, -7.70, -9.03, -6.07, -8.73, -9.75, -7.45,-10.91,-11.22,-10.49,---,---,---,---,---,---,---,---,---
199701, -9.96, -9.36,-10.52, -9.88, -9.06,-10.62,-10.05, -7.77,-11.76, -9.62,-10.75, -8.29, -9.88,-10.78, -8.82,-10.41,-10.84, -9.92,---,---,---,---,---,---, -9.92, -9.25,-10.52
199702,  1.84,  1.23,  2.41,  2.21,  1.44,  2.91,  2.43,  1.27,  3.34,  1.86,  1.68,  2.06,  1.18,  1.19,  1.17, -0.25,  0.15, -0.71,---,---,---,---,---,---,  1.98,  1.34,  2.56
199703, -3.10, -3.01, -3.18, -2.45, -2.32, -2.57, -1.90, -1.46, -2.24, -3.36, -3.48, -3.23, -4.44, -4.43, -4.46, -6.75, -6.43, -7.13,---,---,---,---,---,---, -2.88, -2.76, -2.99
199704,  2.67,  1.24,  3.99,  3.27,  1.88,  4.50,  3.96,  2.81,  4.85,  2.10,  0.60,  3.79,  1.18, -0.24,  2.79, -0.88, -2.09,  0.52,---,---,---,---,---,---,  2.95,  1.51,  4.26
199705, 12.43, 12.43, 12.43, 11.87, 11.93, 11.82, 11.04, 11.62, 10.60, 13.29, 12.36, 14.30, 14.08, 13.22, 15.04, 15.90, 15.15, 16.75,---,---,---,---,---,---, 12.25, 12.24, 12.25
199706,  5.45,  5.84,  5.09,  5.87,  6.47,  5.35,  6.50,  7.14,  6.01,  4.83,  5.54,  4.06,  4.23,  4.60,  3.84,  2.90,  2.52,  3.33,---,---,---,---,---,---,  5.59,  6.09,  5.16
199707, -3.06, -6.23, -0.18, -2.16, -5.60,  0.86, -1.24, -4.60,  1.36, -3.73, -7.01, -0.15, -5.20, -7.84, -2.32, -8.58, -9.70, -7.34,---,---,---,---,---,---, -2.68, -5.98,  0.26
199708, -9.38, -8.76, -9.91, -9.21, -8.60, -9.71, -9.32, -9.52, -9.17, -9.02, -7.26,-10.79, -9.46, -7.99,-10.97,-10.52, -9.69,-11.41,---,---,---,---,---,---, -9.42, -8.76, -9.97
199709, -4.14, -7.20, -1.51, -2.82, -6.06, -0.13, -0.91, -5.17,  2.18, -6.13, -7.32, -4.87, -8.12, -9.23, -6.94,-13.00,-13.81,-12.11,---,---,---,---,---,---, -3.61, -6.77, -0.95
199710, -5.75, -4.24, -6.98, -6.63, -5.13, -7.80, -8.81, -7.41, -9.76, -2.64, -1.82, -3.49, -1.70, -0.93, -2.51,  0.79,  1.40,  0.13,---,---,---,---,---,---, -6.07, -4.54, -7.29
199711, -7.91,-11.12, -5.23, -6.78,-10.23, -4.01, -4.55, -8.78, -1.63,-10.60,-12.21, -8.92,-12.03,-13.40,-10.60,-15.71,-16.39,-14.98,---,---,---,---,---,---, -7.44,-10.77, -4.71
199712, -7.07, -8.68, -5.80, -6.14, -7.76, -4.92, -3.59, -4.81, -2.81,-10.79,-11.95, -9.63,-11.70,-12.66,-10.72,-14.15,-14.54,-13.74,---,---,---,---,---,---, -6.81, -8.45, -5.55
199801,  9.64, 14.61,  5.27,  8.21, 12.73,  4.72,  4.97,  8.08,  3.30, 15.27, 18.36, 10.09, 17.13, 20.15, 11.31, 22.30, 24.28, 16.35,---,---,---,---,---,---,  9.14, 14.00,  5.08
199802,  0.72,  2.80, -1.28,  0.12,  2.06, -1.49, -1.13,  0.36, -1.96,  2.59,  3.94,  0.17,  3.36,  4.66,  0.65,  5.37,  6.26,  2.52,---,---,---,---,---,---,  0.47,  2.57, -1.43
199803, -5.48, -5.70, -5.27, -5.12, -5.11, -5.13, -4.52, -3.46, -5.14, -6.26, -6.88, -5.11, -6.79, -7.33, -5.63, -8.17, -8.32, -7.67,---,---,---,---,---,---, -5.29, -5.49, -5.11
199804, -0.76, -2.67,  1.13, -0.43, -2.28,  1.16,  0.75, -0.76,  1.62, -2.73, -3.97, -0.46, -2.88, -4.13, -0.23, -3.28, -4.49,  0.72,---,---,---,---,---,---, -0.64, -2.56,  1.16
199805, -4.70, -4.70, -4.69, -4.72, -4.67, -4.76, -5.24, -5.22, -5.25, -3.67, -4.05, -3.01, -3.90, -4.29, -3.11, -4.50, -4.82, -3.51,---,---,---,---,---,---, -4.67, -4.67, -4.68
199806,  0.23,  0.90, -0.41,  0.25,  1.01, -0.38,  0.66,  1.41,  0.24, -0.56,  0.56, -2.50, -0.39,  0.51, -2.19,  0.07,  0.41, -0.98,---,---,---,---,---,---,  0.25,  0.94, -0.37
199807,  0.41, -0.56,  1.34,  0.44, -0.59,  1.31,  0.35, -0.56,  0.88,  0.62, -0.62,  2.83,  0.49, -0.56,  2.66,  0.16, -0.42,  1.99,---,---,---,---,---,---,  0.43, -0.60,  1.36
199808,-10.06,-10.33, -9.80,-10.17,-10.42, -9.96,-10.83,-10.82,-10.83, -8.84, -9.96, -6.90, -8.94, -9.94, -6.94, -9.20, -9.88, -7.10,---,---,---,---,---,---,-10.07,-10.34, -9.82
199809, -1.34, -1.81, -0.91, -1.05, -1.42, -0.75, -1.40, -2.45, -0.80, -0.37, -0.25, -0.56, -1.27, -1.31, -1.19, -3.65, -3.66, -3.63,---,---,---,---,---,---, -1.22, -1.64, -0.85
199810, 14.75, 17.48, 12.21, 15.01, 18.42, 12.22, 14.93, 20.23, 11.99, 15.15, 16.42, 13.01, 14.49, 15.36, 12.82, 12.69, 12.91, 12.06,---,---,---,---,---,---, 14.81, 17.76, 12.21
199811,  3.14,  2.53,  3.73,  2.93,  2.01,  3.72,  3.51,  3.00,  3.82,  1.80,  0.88,  3.38,  2.60,  2.15,  3.48,  4.85,  5.17,  3.88,---,---,---,---,---,---,  3.05,  2.33,  3.73
199812,  3.00,  3.07,  2.93,  3.11,  3.46,  2.82,  3.14,  4.42,  2.38,  3.06,  2.33,  4.30,  2.79,  1.97,  4.39,  2.04,  1.13,  4.78,---,---,---,---,---,---,  3.11,  3.34,  2.90
199901,  2.12,  2.42,  1.82,  2.05,  2.46,  1.71,  2.42,  3.43,  1.84,  1.30,  1.33,  1.27,  1.66,  1.61,  1.77,  2.69,  2.25,  4.24,---,---,---,---,---,---,  2.13,  2.48,  1.81
199902, -4.00, -4.59, -3.43, -4.15, -4.74, -3.67, -4.13, -4.87, -3.71, -4.18, -4.58, -3.53, -3.79, -4.36, -2.67, -2.67, -3.86,  1.45,---,---,---,---,---,---, -4.13, -4.81, -3.52
199903, 13.72, 13.81, 13.64, 13.68, 13.92, 13.48, 13.92, 14.84, 13.39, 13.20, 12.83, 13.79, 13.43, 12.96, 14.33, 14.09, 13.27, 16.79,---,---,---,---,---,---, 13.69, 13.81, 13.59
199904,  5.39,  5.85,  4.95,  4.85,  4.93,  4.79,  4.52,  3.97,  4.85,  5.52,  6.08,  4.60,  6.67,  7.42,  5.24,  9.88, 10.46,  8.03,---,---,---,---,---,---,  5.12,  5.41,  4.86
199905, -3.99, -5.12, -2.91, -3.87, -5.21, -2.77, -3.87, -5.99, -2.64, -3.86, -4.27, -3.17, -4.15, -4.42, -3.64, -4.95, -4.73, -5.63,---,---,---,---,---,---, -3.90, -5.06, -2.86
199906, 10.20,  8.00, 12.25,  9.69,  7.15, 11.74, 10.65,  9.29, 11.41,  7.76,  4.65, 12.84,  9.55,  6.97, 14.55, 14.38, 12.04, 22.00,---,---,---,---,---,---,  9.94,  7.48, 12.10
199907,  9.51,  8.74, 10.20,  9.82,  9.10, 10.38, 11.25, 12.29, 10.67,  6.89,  5.21,  9.43,  6.95,  5.83,  8.97,  7.09,  7.09,  7.10,---,---,---,---,---,---,  9.59,  8.82, 10.24
199908,  2.11,  2.51,  1.77,  1.78,  2.37,  1.32, -0.01,  1.40, -0.81,  5.62,  3.64,  8.47,  5.38,  3.47,  8.72,  4.80,  3.14,  9.73,---,---,---,---,---,---,  1.98,  2.35,  1.67
199909,  7.28,  6.07,  8.36,  7.51,  6.60,  8.22,  8.36,  7.53,  8.85,  5.79,  5.41,  6.31,  5.71,  4.82,  7.18,  5.50,  3.62, 10.74,---,---,---,---,---,---,  7.37,  6.20,  8.35
199910,  3.08,  0.35,  5.44,  3.69,  1.12,  5.64,  4.10,  0.57,  6.10,  2.85,  1.84,  4.22,  1.56,  0.16,  3.81, -1.75, -3.30,  2.22,---,---,---,---,---,---,  3.29,  0.62,  5.47
199911,  6.91,  1.96, 11.00,  7.46,  2.86, 10.82, 10.08,  8.32, 11.03,  1.98, -4.14, 10.15,  2.07, -3.61, 10.91,  2.30, -2.47, 13.90,---,---,---,---,---,---,  7.21,  2.25, 11.08
199912,  6.61,  0.66, 11.13,  7.61,  1.72, 11.60,  9.74,  6.23, 11.58,  2.78, -4.81, 11.67,  1.45, -4.81,  9.99, -2.08, -4.81,  3.64,---,---,---,---,---,---,  7.05,  1.17, 11.28
200001, -5.09, -2.00, -7.71, -5.50, -2.26, -7.97, -7.32, -4.40, -9.06, -0.26,  1.53, -3.00, -0.30,  0.97, -2.60, -0.41, -0.33, -0.67, -0.60, -0.43, -1.06, -0.13, -0.20,  0.20, -5.21, -2.05, -7.80
200002, -1.99, -7.95,  3.37, -1.92, -8.49,  3.40, -0.69, -7.71,  3.69, -5.21, -9.80,  2.12, -4.59, -8.22,  2.24, -2.79, -4.49,  2.78, -2.66, -4.51,  2.29, -2.97, -4.47,  3.83, -1.98, -8.14,  3.38
200003,  4.60, 10.83, -0.39,  4.36, 11.05, -0.42,  4.30, 11.52,  0.29,  4.55, 10.25, -3.50,  5.24, 10.01, -2.83,  7.21,  9.47,  0.38,  7.38, 10.07,  0.64,  7.52,  9.35, -0.11,  4.62, 11.06, -0.36
200004, -3.96, -2.14, -5.58, -3.74, -1.50, -5.52, -4.48, -1.94, -6.05, -1.68, -0.75, -3.17, -2.90, -2.39, -3.87, -6.35, -6.12, -7.10, -4.90, -4.85, -5.05, -8.41, -7.73,-11.49, -3.82, -1.87, -5.49
200005, -6.95, -0.41,-12.96, -7.75, -1.05,-13.29,-10.16, -3.88,-14.18, -1.22,  3.77, -9.42, -0.44,  3.76, -8.52,  1.89,  3.73, -4.17,  1.97,  4.39, -4.52,  1.74,  2.79, -3.17, -7.18, -0.56,-13.07
200006,  7.14,  9.05,  5.15,  6.68,  8.32,  5.13,  5.49,  6.75,  4.59,  9.60, 10.79,  7.37, 10.17, 11.61,  7.03, 11.79, 13.57,  5.45, 11.19, 13.42,  4.63, 12.25, 13.26,  7.25,  7.03,  8.90,  5.13
200007,-11.91,-10.64,-13.29,-11.84,-10.43,-13.21,-11.98,-11.06,-12.65,-11.50, -9.47,-15.44,-11.77,-10.19,-15.38,-12.54,-11.87,-15.09,-13.05,-12.29,-15.50,-11.78,-11.32,-14.18,-11.92,-10.63,-13.28
200008,  6.93,  5.04,  9.07,  6.76,  4.51,  9.02,  6.93,  4.01,  9.10,  6.38,  5.27,  8.69,  6.95,  6.12,  8.95,  8.56,  8.17, 10.15,  9.06,  8.75, 10.10,  7.84,  7.40, 10.25,  6.91,  4.94,  9.06
200009, -4.31, -2.73, -5.98, -4.25, -2.49, -5.90, -5.14, -3.40, -6.33, -2.15, -1.17, -4.13, -2.87, -2.04, -4.80, -4.85, -4.07, -7.89, -5.12, -4.02, -8.77, -4.48, -4.19, -6.00, -4.32, -2.68, -5.99
200010, -7.13, -3.60,-11.09, -6.87, -2.74,-10.98, -7.26, -1.72,-11.32, -5.97, -4.22, -9.58, -6.92, -5.52,-10.34, -9.66, -8.62,-13.90, -9.38, -7.88,-14.58,-10.07, -9.63,-12.48, -7.03, -3.28,-11.07
200011, -3.02, -2.83, -3.25, -3.35, -3.50, -3.19, -4.31, -6.16, -2.82, -1.16,  0.44, -4.69, -0.80,  0.71, -4.68,  0.27,  1.40, -4.62,  0.56,  2.02, -4.96, -0.16,  0.53, -3.94, -3.09, -2.96, -3.23
200012, -7.95, -5.42,-11.02, -7.91, -5.03,-11.04, -8.70, -4.79,-11.76, -6.19, -5.37, -8.09, -6.72, -6.05, -8.51, -8.28, -7.77,-10.63, -8.53, -7.81,-11.43, -7.89, -7.70, -9.01, -7.94, -5.31,-11.05
200101, -0.16, -0.86,  0.50, -0.19, -0.99,  0.47,  0.40, -0.24,  0.79, -1.58, -2.01, -0.81, -1.15, -1.49, -0.47,  0.21, -0.09,  1.11, -0.43, -0.45, -0.41,  1.16,  0.38,  4.94, -0.19, -0.91,  0.46
200102, -4.29, -1.60, -6.77, -4.86, -2.26, -7.01, -6.01, -4.33, -7.02, -2.13,  0.63, -6.98, -1.21,  1.18, -5.93,  1.64,  2.59, -1.22,  0.28,  1.45, -2.51,  3.64,  4.01,  1.91, -4.53, -1.89, -6.86
200103, -3.77, -4.83, -2.72, -3.82, -5.20, -2.60, -3.99, -6.03, -2.70, -3.44, -4.10, -2.21, -3.40, -3.69, -2.80, -3.30, -2.66, -5.33, -3.98, -3.17, -6.00, -2.34, -2.04, -3.76, -3.83, -5.00, -2.72
200104,  7.62,  8.86,  6.45,  7.40,  8.46,  6.50,  6.30,  6.43,  6.22,  9.97, 11.24,  7.65,  9.92, 11.22,  7.24,  9.80, 11.17,  5.41, 10.03, 11.74,  5.70,  9.48, 10.48,  4.76,  7.58,  8.80,  6.48
200105,  0.38,  0.16,  0.60,  0.19, -0.06,  0.42,  0.20, -0.04,  0.34,  0.19, -0.09,  0.72,  0.70,  0.35,  1.44,  2.19,  1.46,  4.67,  2.17,  1.40,  4.23,  2.22,  1.53,  5.65,  0.32,  0.08,  0.54
200106, -4.96, -2.94, -6.90, -5.28, -3.35, -6.94, -5.95, -4.15, -7.04, -3.78, -2.30, -6.52, -3.30, -1.82, -6.45, -1.91, -0.62, -6.14, -2.03, -0.37, -6.38, -1.74, -0.93, -5.59, -5.07, -3.06, -6.92
200107, -8.65, -7.07,-10.23, -8.77, -7.09,-10.27, -9.76, -8.65,-10.45, -6.60, -5.09, -9.52, -6.83, -5.64, -9.51, -7.51, -6.97, -9.42, -7.00, -6.23, -9.16, -8.23, -7.87,-10.01, -8.66, -7.02,-10.24
200108, -2.34,  1.76, -6.62, -2.75,  1.62, -6.78, -3.73,  2.18, -7.51, -0.66,  0.92, -3.89, -0.16,  1.38, -3.75,  1.29,  2.54, -3.18, -0.04,  1.56, -4.66,  3.17,  3.76,  0.13, -2.54,  1.63, -6.70
200109, -8.04, -9.23, -6.69, -8.05, -9.42, -6.67, -8.12,-10.78, -6.24, -7.89, -7.69, -8.30, -7.91, -7.85, -8.06, -7.96, -8.21, -7.01, -7.35, -7.49, -6.91, -8.80, -9.10, -7.23, -8.03, -9.27, -6.68
200110,  1.51, -0.23,  3.43,  1.39, -0.61,  3.34,  1.21, -1.57,  3.08,  1.75,  0.55,  4.33,  1.96,  0.91,  4.53,  2.55,  1.80,  5.36,  1.96,  0.95,  5.08,  3.36,  2.86,  5.97,  1.45, -0.40,  3.41
200111, -1.64, -5.17,  2.13, -1.07, -4.91,  2.53,  0.58, -3.99,  3.51, -4.44, -5.99, -1.22, -4.96, -6.16, -2.12, -6.43, -6.57, -5.93, -6.06, -6.38, -5.09, -6.95, -6.79, -7.73, -1.44, -5.08,  2.26
200112, -6.92, -7.30, -6.54, -6.55, -6.80, -6.32, -6.39, -7.16, -5.94, -6.88, -6.38, -7.86, -7.75, -7.42, -8.51,-10.25, -9.93,-11.37, -9.82, -9.48,-10.80,-10.84,-10.50,-12.58, -6.78, -7.11, -6.47
200201, -6.61, -5.85, -7.36, -6.79, -6.06, -7.43, -7.35, -6.72, -7.72, -5.60, -5.27, -6.26, -5.43, -5.10, -6.17, -4.92, -4.69, -5.76, -5.87, -5.62, -6.61, -3.59, -3.54, -3.87, -6.73, -6.01, -7.41
200202,  3.65,  4.04,  3.26,  3.35,  3.23,  3.45,  3.18,  2.90,  3.33,  3.58,  3.49,  3.71,  4.09,  4.60,  3.16,  5.18,  6.40,  0.95,  5.01,  6.23,  1.33,  5.62,  6.80, -0.51,  3.62,  3.93,  3.31
200203,  5.69,  5.24,  6.14,  5.93,  5.68,  6.13,  6.74,  7.05,  6.58,  4.85,  4.61,  5.18,  4.73,  4.37,  5.40,  4.49,  3.99,  6.29,  4.45,  3.71,  6.77,  4.59,  4.62,  4.43,  5.74,  5.30,  6.16
200204,  5.99,  5.58,  6.39,  5.92,  5.39,  6.34,  5.25,  4.57,  5.61,  6.84,  6.05,  7.94,  6.68,  6.09,  7.75,  6.33,  6.15,  6.99,  6.41,  6.22,  6.98,  6.13,  5.98,  7.01,  6.02,  5.63,  6.39
200205,  6.91,  8.93,  4.92,  6.38,  8.65,  4.59,  5.81,  8.55,  4.39,  7.17,  8.74,  5.00,  7.94,  9.12,  5.83,  9.60,  9.71,  9.19,  9.66,  9.83,  9.15,  9.45,  9.47,  9.35,  6.85,  8.92,  4.89
200206, -4.54, -4.46, -4.63, -4.82, -4.87, -4.78, -5.30, -6.19, -4.82, -4.17, -3.81, -4.68, -3.85, -3.61, -4.30, -3.18, -3.28, -2.80, -3.18, -3.27, -2.93, -3.16, -3.32, -2.28, -4.61, -4.56, -4.66
200207, -6.63, -5.04, -8.27, -7.34, -5.87, -8.54, -7.65, -5.42, -8.83, -6.93, -6.22, -7.94, -5.72, -4.86, -7.32, -3.23, -2.74, -4.94, -3.86, -3.28, -5.65, -1.66, -1.57, -2.14, -6.79, -5.23, -8.32
200208, -0.71, -0.90, -0.50, -0.62, -1.04, -0.27, -0.46, -1.40,  0.05, -0.84, -0.76, -0.96, -0.93, -0.67, -1.43, -1.11, -0.54, -3.18, -0.87, -0.14, -3.14, -1.70, -1.41, -3.30, -0.70, -0.92, -0.48
200209, -4.89, -3.24, -6.64, -5.14, -3.45, -6.55, -5.55, -4.12, -6.32, -4.60, -2.92, -7.03, -4.31, -2.82, -7.17, -3.74, -2.67, -7.71, -3.29, -1.84, -7.96, -4.83, -4.49, -6.77, -4.87, -3.15, -6.60
200210, -6.63, -7.72, -5.45, -6.52, -8.14, -5.13, -5.70, -9.29, -3.72, -7.59, -7.25, -8.11, -7.44, -6.99, -8.33, -7.13, -6.60, -9.21, -6.74, -6.15, -8.74, -8.12, -7.62,-10.97, -6.60, -7.75, -5.40
200211,  3.38,  1.87,  4.99,  4.19,  2.88,  5.28,  4.10,  2.58,  4.90,  4.31,  3.11,  6.12,  2.74,  1.55,  5.14, -0.36, -0.78,  1.31,  0.23, -0.37,  2.32, -1.84, -1.71, -2.61,  3.58,  2.12,  5.06
200212, -2.89, -1.69, -4.04, -3.10, -1.79, -4.13, -4.10, -3.46, -4.47, -1.71, -0.18, -3.47, -1.74, -0.63, -3.38, -1.79, -1.37, -3.00, -1.95, -1.28, -3.69, -1.44, -1.56, -0.98, -2.93, -1.70, -4.05
200301, -2.51, -1.01, -3.96, -2.85, -1.27, -4.13, -3.92, -2.57, -4.72, -1.41, -0.06, -3.01, -1.18, -0.11, -2.83, -0.68, -0.18, -2.12, -1.49, -0.91, -2.99,  1.08,  1.26,  0.40, -2.62, -1.14, -4.02
200302,  1.00,  2.18, -0.19,  0.37,  1.16, -0.27, -0.33,  0.60, -0.89,  1.30,  1.66,  0.85,  2.21,  3.07,  0.85,  4.23,  5.37,  0.82,  3.69,  4.72,  0.93,  5.36,  6.64,  0.51,  0.88,  1.98, -0.20
200303, -4.39, -4.09, -4.70, -5.03, -5.14, -4.93, -5.67, -6.77, -5.00, -4.19, -3.67, -4.82, -3.25, -2.61, -4.28, -1.23, -0.94, -2.14, -1.65, -1.38, -2.42, -0.34, -0.08, -1.37, -4.53, -4.30, -4.77
200304,  0.23,  0.93, -0.50, -0.46,  0.12, -0.95, -1.36, -1.12, -1.50,  0.69,  1.21,  0.05,  1.61,  2.02,  0.93,  3.52,  3.26,  4.34,  2.98,  2.56,  4.15,  4.63,  4.57,  4.85,  0.11,  0.77, -0.54
200305,  5.70,  5.02,  6.41,  5.69,  4.68,  6.55,  5.96,  5.27,  6.38,  5.35,  4.17,  6.83,  5.48,  4.89,  6.44,  5.73,  5.98,  4.96,  5.08,  5.14,  4.92,  7.05,  7.53,  5.08,  5.65,  4.89,  6.41
200306,  6.86,  7.54,  6.15,  6.75,  7.43,  6.19,  6.65,  7.79,  5.96,  6.88,  7.11,  6.59,  7.04,  7.42,  6.41,  7.36,  7.87,  5.76,  7.13,  7.50,  6.11,  7.81,  8.53,  4.82,  6.84,  7.52,  6.17
200307,  3.98,  3.64,  4.33,  4.40,  4.42,  4.39,  4.54,  5.53,  3.94,  4.22,  3.45,  5.17,  3.50,  2.66,  4.87,  2.04,  1.50,  3.75,  1.98,  1.19,  4.21,  2.15,  2.07,  2.48,  4.04,  3.74,  4.35
200308,  9.36,  9.92,  8.77,  9.51, 10.31,  8.85,  8.82, 10.11,  8.02, 10.40, 10.50, 10.27,  9.82,  9.82,  9.81,  8.61,  8.81,  7.98,  8.58,  8.85,  7.85,  8.68,  8.75,  8.35,  9.39, 10.04,  8.75
200309,  8.11,  9.52,  6.63,  7.76,  9.48,  6.31,  5.84,  7.46,  4.82, 10.16, 11.28,  8.82, 10.03, 10.62,  9.08,  9.75,  9.63, 10.13,  9.04,  9.32,  8.25, 11.15, 10.19, 15.29,  8.07,  9.58,  6.54
200310,  4.24,  4.98,  3.45,  3.92,  5.06,  2.94,  2.08,  4.13,  0.75,  6.13,  5.86,  6.46,  5.99,  5.41,  6.94,  5.70,  4.72,  8.82,  5.43,  4.33,  8.54,  6.22,  5.42,  9.56,  4.10,  4.83,  3.34
200311, -4.20, -4.39, -3.98, -3.63, -3.53, -3.71, -1.93, -2.14, -1.79, -5.58, -4.71, -6.64, -5.97, -5.54, -6.65, -6.79, -6.82, -6.71, -6.00, -5.75, -6.69, -8.31, -8.70, -6.76, -4.05, -4.16, -3.94
200312,  6.67,  7.72,  5.57,  6.80,  8.11,  5.60,  6.09,  8.17,  4.36,  7.80,  8.02,  7.57,  7.24,  7.36,  7.08,  5.89,  6.17,  5.25,  6.20,  6.44,  5.70,  5.21,  5.63,  4.05,  6.73,  7.85,  5.59
200401,  1.79,  1.52,  2.08,  1.40,  1.00,  1.79,  1.57,  0.83,  2.20,  1.18,  1.20,  1.15,  2.01,  2.07,  1.93,  4.02,  3.63,  4.90,  3.33,  2.74,  4.56,  5.53,  5.43,  5.83,  1.65,  1.33,  1.99
200402, -0.08,  1.46, -1.70, -0.16,  1.40, -1.62, -0.32,  1.34, -1.72,  0.07,  1.48, -1.46,  0.16,  1.55, -1.68,  0.37,  1.67, -2.51,  0.35,  1.81, -2.59,  0.42,  1.39, -2.28, -0.08,  1.48, -1.69
200403, 14.76, 16.36, 13.01, 13.91, 15.77, 12.11, 13.11, 15.94, 10.64, 15.01, 15.55, 14.42, 16.37, 16.69, 15.94, 19.56, 18.71, 21.53, 18.78, 18.05, 20.31, 21.25, 20.00, 24.83, 14.53, 16.18, 12.77
200404, -4.99, -5.08, -4.89, -5.51, -5.66, -5.36, -5.04, -5.00, -5.07, -6.15, -6.48, -5.78, -4.94, -5.15, -4.67, -2.22, -2.85, -0.81, -3.26, -3.69, -2.39, -0.03, -1.22,  3.25, -5.15, -5.25, -5.05
200405, -3.01, -2.24, -3.87, -2.76, -2.00, -3.52, -3.35, -3.10, -3.58, -1.95, -0.62, -3.44, -2.69, -1.57, -4.22, -4.29, -3.16, -6.76, -3.62, -2.48, -5.92, -5.66, -4.45, -8.81, -2.88, -2.09, -3.73
200406,  5.53,  6.15,  4.81,  4.84,  5.57,  4.11,  3.99,  5.14,  2.94,  6.00,  6.11,  5.88,  6.97,  6.94,  7.01,  9.12,  8.37, 10.83,  9.03,  8.32, 10.51,  9.30,  8.45, 11.63,  5.40,  6.08,  4.65
200407, -6.77, -5.97, -7.70, -6.58, -5.89, -7.30, -5.84, -5.26, -6.38, -7.57, -6.64, -8.64, -7.62, -6.50, -9.19, -7.72, -6.27,-10.94, -7.80, -6.33,-10.78, -7.56, -6.14,-11.34, -6.74, -5.97, -7.60
200408,  0.46,  0.11,  0.88,  0.44,  0.02,  0.87,  0.19, -0.23,  0.60,  0.77,  0.33,  1.29,  0.71,  0.36,  1.21,  0.57,  0.41,  0.93,  0.27,  0.13,  0.57,  1.18,  0.95,  1.84,  0.43,  0.05,  0.85
200409, -3.00, -3.19, -2.77, -2.90, -3.36, -2.43, -3.19, -4.08, -2.35, -2.52, -2.50, -2.56, -2.83, -2.52, -3.26, -3.48, -2.57, -5.59, -3.69, -2.60, -5.97, -3.06, -2.50, -4.62, -2.98, -3.21, -2.72
200410,  3.26,  3.44,  3.04,  3.46,  3.75,  3.17,  3.72,  4.39,  3.10,  3.12,  2.99,  3.27,  2.83,  2.74,  2.98,  2.20,  2.31,  1.94,  1.85,  1.84,  1.88,  2.91,  3.21,  2.07,  3.26,  3.42,  3.07
200411,  4.10,  4.42,  3.73,  4.22,  4.75,  3.67,  3.61,  4.16,  3.09,  5.03,  5.46,  4.54,  4.55,  4.61,  4.47,  3.48,  3.17,  4.22,  3.73,  3.48,  4.27,  2.97,  2.58,  4.11,  4.15,  4.51,  3.73
200412,  4.10,  4.19,  4.00,  4.12,  4.09,  4.15,  4.50,  4.51,  4.49,  3.55,  3.51,  3.61,  3.68,  3.90,  3.40,  3.98,  4.67,  2.68,  4.08,  4.87,  2.70,  3.79,  4.34,  2.64,  4.13,  4.21,  4.03
200501, -0.24, -0.04, -0.45, -1.06, -0.99, -1.13, -2.81, -3.02, -2.62,  1.53,  1.79,  1.25,  2.47,  2.65,  2.24,  4.79,  4.33,  5.67,  4.00,  3.65,  4.64,  6.27,  5.55,  7.81, -0.48, -0.30, -0.68
200502,  1.87,  2.36,  1.35,  1.83,  2.22,  1.44,  2.03,  2.24,  1.85,  1.53,  2.20,  0.80,  1.71,  2.47,  0.76,  2.15,  2.97,  0.60,  1.65,  2.56,  0.03,  3.06,  3.68,  1.77,  1.82,  2.29,  1.32
200503, -1.19, -0.29, -2.19, -1.53, -0.75, -2.31, -1.93, -1.17, -2.64, -0.95, -0.20, -1.79, -0.46,  0.46, -1.66,  0.72,  1.74, -1.23,  0.64,  1.79, -1.45,  0.87,  1.65, -0.78, -1.29, -0.41, -2.24
200504, -3.23, -3.23, -3.22, -3.49, -3.51, -3.46, -3.29, -3.40, -3.19, -3.76, -3.66, -3.88, -3.17, -3.09, -3.26, -1.76, -2.03, -1.24, -2.18, -2.41, -1.73, -1.01, -1.36, -0.25, -3.32, -3.31, -3.32
200505, -0.64, -0.67, -0.61, -0.34, -0.39, -0.29,  0.32,  0.03,  0.58, -1.27, -0.93, -1.66, -1.58, -1.25, -2.02, -2.30, -1.84, -3.20, -2.06, -1.33, -3.45, -2.72, -2.73, -2.71, -0.54, -0.54, -0.54
200506,  0.89,  0.91,  0.87,  0.68,  0.71,  0.65,  0.26,  0.67, -0.12,  1.28,  0.77,  1.86,  1.52,  1.11,  2.08,  2.10,  1.75,  2.80,  1.94,  1.59,  2.60,  2.40,  2.03,  3.19,  0.85,  0.88,  0.81
200507,  0.59,  0.49,  0.71,  0.41,  0.23,  0.60,  0.47,  0.01,  0.90,  0.34,  0.53,  0.13,  0.72,  0.89,  0.48,  1.59,  1.57,  1.62,  1.61,  1.93,  1.02,  1.54,  0.95,  2.79,  0.56,  0.48,  0.64
200508,  6.20,  6.52,  5.83,  6.74,  7.15,  6.32,  6.85,  7.72,  6.05,  6.57,  6.41,  6.75,  5.54,  5.52,  5.56,  3.19,  3.89,  1.82,  4.04,  4.65,  2.87,  1.68,  2.58, -0.19,  6.39,  6.73,  6.03
200509,  9.93, 10.30,  9.52, 10.63, 11.18, 10.06, 11.14, 11.61, 10.69,  9.88, 10.60,  9.06,  8.71,  9.16,  8.10,  5.96,  6.46,  4.96,  6.81,  6.96,  6.52,  4.40,  5.57,  1.89, 10.17, 10.54,  9.77
200510,  0.10,  0.92, -0.84, -0.48,  0.33, -1.31, -1.00, -0.20, -1.78,  0.29,  1.04, -0.56,  1.24,  1.91,  0.33,  3.52,  3.60,  3.36,  3.29,  3.60,  2.70,  3.95,  3.61,  4.69, -0.02,  0.84, -0.98
200511,  3.23,  1.65,  5.06,  3.39,  1.67,  5.20,  4.06,  2.71,  5.38,  2.43,  0.29,  4.91,  2.39,  0.73,  4.67,  2.32,  1.54,  3.90,  2.04,  1.25,  3.59,  2.84,  2.07,  4.52,  3.24,  1.63,  5.07
200512,  9.39,  7.02, 11.68,  8.91,  6.37, 11.17,  8.14,  5.69, 10.08, 10.06,  7.24, 13.00, 10.67,  8.13, 13.68, 12.05,  9.79, 15.58, 11.55,  9.21, 15.07, 13.07, 10.94, 16.70,  9.21,  6.78, 11.51
200601,  3.92,  4.78,  3.14,  4.07,  4.94,  3.33,  4.69,  5.61,  3.99,  3.17,  4.10,  2.25,  3.16,  4.10,  2.11,  3.13,  4.09,  1.71,  3.22,  3.94,  2.20,  2.95,  4.38,  0.65,  3.98,  4.80,  3.24
200602, -2.12, -1.23, -2.96, -1.37, -0.41, -2.20, -0.47, -0.13, -0.72, -2.71, -0.76, -4.67, -3.80, -2.14, -5.70, -6.21, -4.67, -8.53, -5.69, -3.87, -8.30, -7.26, -6.18, -9.04, -1.89, -0.95, -2.76
200603,  3.73,  3.48,  3.96,  3.60,  3.34,  3.82,  3.19,  3.22,  3.16,  4.21,  3.49,  4.95,  4.30,  3.70,  4.99,  4.50,  4.12,  5.11,  4.83,  4.33,  5.59,  3.83,  3.69,  4.05,  3.74,  3.48,  3.97
200604,  1.95,  2.66,  1.28,  2.18,  2.93,  1.53,  3.15,  3.71,  2.72,  0.73,  1.93, -0.49,  0.70,  1.77, -0.54,  0.63,  1.48, -0.70,  0.87,  1.82, -0.56,  0.13,  0.80, -1.01,  2.03,  2.77,  1.35
200605, -5.94, -5.56, -6.30, -5.71, -5.50, -5.91, -6.00, -6.43, -5.66, -5.29, -4.28, -6.33, -5.88, -4.82, -7.13, -7.24, -5.84, -9.48, -7.00, -5.77, -8.91, -7.73, -5.98,-10.77, -5.86, -5.53, -6.17
200606, -1.94, -2.35, -1.55, -1.62, -1.94, -1.34, -0.94, -1.30, -0.66, -2.64, -2.75, -2.53, -3.00, -3.24, -2.72, -3.85, -4.20, -3.28, -3.80, -3.92, -3.62, -3.96, -4.76, -2.49, -1.86, -2.22, -1.52
200607, -0.96, -0.72, -1.19, -0.25, -0.08, -0.40,  1.12,  1.17,  1.08, -2.35, -1.69, -3.06, -3.22, -2.35, -4.28, -5.28, -3.65, -7.96, -4.71, -3.01, -7.40, -6.50, -4.96, -9.25, -0.75, -0.52, -0.96
200608,  1.64,  1.43,  1.83,  1.53,  1.38,  1.66,  1.42,  1.44,  1.40,  1.71,  1.30,  2.15,  1.88,  1.42,  2.46,  2.31,  1.65,  3.44,  2.51,  1.79,  3.72,  1.87,  1.37,  2.80,  1.63,  1.42,  1.82
200609, -1.68, -1.78, -1.60, -1.64, -1.77, -1.54, -2.01, -2.09, -1.95, -1.06, -1.34, -0.76, -1.32, -1.50, -1.09, -1.94, -1.82, -2.14, -1.70, -1.74, -1.62, -2.45, -1.97, -3.34, -1.65, -1.76, -1.56
200610,  0.79,  0.33,  1.23,  1.11,  0.82,  1.36,  1.87,  2.09,  1.71, -0.10, -0.83,  0.70, -0.42, -1.22,  0.54, -1.23, -2.00,  0.05, -1.11, -2.05,  0.39, -1.49, -1.88, -0.76,  0.87,  0.44,  1.28
200611,  0.53,  0.47,  0.59,  0.66,  0.50,  0.79,  0.90,  0.75,  1.00,  0.28,  0.17,  0.39,  0.11,  0.21, -0.01, -0.32,  0.29, -1.32,  0.06,  0.58, -0.74, -1.14, -0.29, -2.70,  0.59,  0.50,  0.67
200612,  2.44,  2.62,  2.27,  2.75,  2.98,  2.55,  3.42,  3.88,  3.09,  1.80,  2.01,  1.54,  1.46,  1.72,  1.10,  0.67,  1.14, -0.22,  0.77,  1.16,  0.14,  0.47,  1.12, -1.15,  2.52,  2.69,  2.35
200701,  0.36,  1.33, -0.62,  0.25,  1.41, -0.80,  0.52,  1.87, -0.43, -0.16,  0.91, -1.51,  0.19,  0.95, -0.90,  1.01,  1.01,  1.00,  1.04,  1.05,  1.02,  0.95,  0.95,  0.94,  0.35,  1.36, -0.64
200702,  4.10,  5.19,  2.98,  4.21,  5.37,  3.16,  4.35,  5.99,  3.15,  4.02,  4.67,  3.17,  3.84,  4.60,  2.74,  3.43,  4.46,  1.44,  3.50,  4.47,  1.86,  3.28,  4.44,  0.36,  4.13,  5.22,  3.05
200703, -1.15, -0.51, -1.81, -1.18, -0.54, -1.78, -1.49, -0.94, -1.90, -0.73, -0.10, -1.55, -0.80, -0.19, -1.70, -0.96, -0.36, -2.14, -1.08, -0.65, -1.82, -0.72,  0.15, -3.00, -1.15, -0.52, -1.78
200704, -1.85, -2.14, -1.54, -1.81, -2.37, -1.26, -2.07, -2.85, -1.48, -1.42, -1.85, -0.85, -1.62, -1.62, -1.62, -2.10, -1.15, -3.98, -1.76, -0.69, -3.61, -2.78, -1.97, -4.96, -1.80, -2.13, -1.45
200705,  1.24,  0.74,  1.77,  1.77,  1.36,  2.16,  3.24,  2.73,  3.63, -0.36, -0.13, -0.66, -0.81, -0.71, -0.94, -1.87, -1.88, -1.84, -1.54, -1.71, -1.25, -2.53, -2.20, -3.45,  1.37,  0.88,  1.86
200706, -0.27, -0.47, -0.06, -0.41, -0.79, -0.06, -0.87, -1.41, -0.46,  0.27, -0.09,  0.75,  0.37,  0.24,  0.55,  0.59,  0.91, -0.08, -0.08,  0.37, -0.90,  1.97,  1.89,  2.20, -0.33, -0.56, -0.10
200707, -0.21, -0.37, -0.06, -0.26, -0.53, -0.01, -0.48, -0.72, -0.31,  0.07, -0.32,  0.57,  0.07, -0.10,  0.32,  0.06,  0.33, -0.49, -0.18, -0.10, -0.33,  0.55,  1.09, -0.95, -0.25, -0.44, -0.05
200708, -3.38, -4.15, -2.59, -3.11, -4.08, -2.21, -3.71, -5.23, -2.60, -2.22, -2.81, -1.47, -3.03, -3.34, -2.58, -5.00, -4.42, -6.19, -4.74, -4.15, -5.81, -5.53, -4.92, -7.24, -3.29, -4.09, -2.50
200709,  2.01,  2.14,  1.88,  2.28,  2.49,  2.10,  2.36,  3.39,  1.62,  2.18,  1.51,  3.02,  1.66,  1.23,  2.28,  0.36,  0.66, -0.29,  0.41,  0.88, -0.47,  0.26,  0.27,  0.20,  2.07,  2.23,  1.92
200710,  0.75,  0.45,  1.06,  0.50,  0.37,  0.61,  0.15,  0.40, -0.02,  0.99,  0.34,  1.80,  1.37,  0.48,  2.65,  2.34,  0.78,  5.67,  2.58,  1.07,  5.37,  1.86,  0.25,  6.49,  0.71,  0.46,  0.97
200711, -1.65, -1.78, -1.52, -1.48, -1.60, -1.38, -1.29, -1.06, -1.46, -1.76, -2.20, -1.21, -2.02, -2.32, -1.59, -2.67, -2.56, -2.90, -2.36, -2.25, -2.55, -3.33, -3.13, -3.85, -1.59, -1.73, -1.46
200712, -5.93, -5.24, -6.66, -5.71, -4.96, -6.43, -5.69, -4.20, -7.01, -5.73, -6.01, -5.44, -6.17, -6.14, -6.21, -7.08, -6.37, -8.45, -7.03, -6.31, -8.19, -7.20, -6.46, -9.26, -5.90, -5.21, -6.63
200801, -3.57, -2.00, -5.27, -3.66, -2.03, -5.23, -3.21, -1.93, -4.37, -4.35, -2.19, -6.69, -3.95, -2.07, -6.40, -3.12, -1.88, -5.52, -2.89, -1.24, -5.59, -3.59, -3.00, -5.31, -3.59, -1.97, -5.30
200802,  0.71, -0.15,  1.67,  0.64, -0.26,  1.54,  0.83, -0.83,  2.38,  0.34,  0.57,  0.09,  0.59,  0.47,  0.74,  1.08,  0.30,  2.67,  0.83, -0.21,  2.60,  1.63,  1.20,  2.90,  0.67, -0.21,  1.63
200803, -2.88, -2.79, -2.98, -3.56, -3.89, -3.24, -4.57, -5.27, -3.93, -1.97, -1.93, -2.02, -1.09, -0.60, -1.74,  0.74,  1.58, -0.93,  0.72,  1.70, -0.90,  0.77,  1.38, -1.02, -2.95, -2.90, -3.00
200804,  6.71,  7.39,  5.96,  7.66,  8.80,  6.54, 10.00, 11.49,  8.67,  4.07,  5.14,  2.87,  3.33,  3.95,  2.49,  1.82,  2.05,  1.37,  2.78,  3.13,  2.19, -0.18,  0.14, -1.14,  6.89,  7.68,  6.04
200805,  2.31,  1.15,  3.60,  2.27,  0.72,  3.82,  2.44,  0.96,  3.80,  1.99,  0.37,  3.85,  2.17,  1.33,  3.33,  2.54,  2.90,  1.79,  1.74,  2.01,  1.28,  4.25,  4.53,  3.42,  2.26,  1.04,  3.59
200806, -6.12, -5.67, -6.61, -6.31, -6.02, -6.58, -6.16, -5.67, -6.60, -6.53, -6.52, -6.55, -6.08, -5.67, -6.63, -5.14, -4.31, -6.88, -5.37, -4.58, -6.77, -4.66, -3.82, -7.24, -6.19, -5.80, -6.61
200807, -3.96, -2.80, -5.23, -4.05, -2.79, -5.28, -4.04, -2.66, -5.29, -4.08, -2.99, -5.28, -3.87, -2.93, -5.15, -3.46, -2.84, -4.79, -3.33, -2.50, -4.82, -3.74, -3.44, -4.68, -3.95, -2.75, -5.23
200808, -4.19, -3.91, -4.50, -4.19, -3.94, -4.44, -4.42, -3.96, -4.85, -3.81, -3.90, -3.71, -3.93, -3.86, -4.02, -4.18, -3.80, -5.00, -3.57, -3.16, -4.33, -5.44, -4.94, -7.06, -4.14, -3.86, -4.45
200809, -9.56, -6.79,-12.70, -9.88, -6.79,-12.98,-10.70, -6.52,-14.60, -8.56, -7.20,-10.10, -8.33, -7.04,-10.13, -7.84, -6.77,-10.23, -7.74, -6.47,-10.14, -8.07, -7.33,-10.50, -9.60, -6.79,-12.71
200810,-13.79,-13.66,-13.95,-14.57,-15.13,-13.97,-14.32,-16.46,-12.13,-14.96,-13.15,-17.07,-13.23,-11.12,-16.27, -9.69, -7.92,-13.77,-11.07, -9.47,-14.20, -6.75, -5.08,-12.41,-13.97,-13.96,-13.99
200811, -1.82, -1.78, -1.86, -2.71, -2.95, -2.47, -5.96, -6.63, -5.30,  2.43,  2.29,  2.61,  2.50,  2.34,  2.75,  2.62,  2.40,  3.16,  2.49,  2.37,  2.73,  2.90,  2.46,  4.51, -1.94, -1.93, -1.94
200812,  8.74,  7.98,  9.45,  8.79,  7.71,  9.64,  7.98,  6.11,  9.02,  9.78,  9.02, 10.66,  9.38,  8.95, 10.01,  8.45,  8.83,  7.45,  8.29,  9.04,  6.54,  8.77,  8.48,  9.76,  8.71,  7.91,  9.45
200901, -6.78, -4.86, -8.57, -6.98, -4.58, -8.84, -7.19, -2.96, -9.51, -6.74, -5.87, -7.73, -6.44, -5.81, -7.35, -5.73, -5.70, -5.80, -6.74, -6.62, -7.02, -3.87, -4.18, -2.83, -6.85, -4.90, -8.62
200902,-12.81,-11.15,-14.43,-12.65,-10.47,-14.41,-12.89, -9.10,-15.12,-12.37,-11.59,-13.26,-12.75,-12.21,-13.54,-13.64,-13.26,-14.66,-13.53,-13.02,-14.74,-13.83,-13.64,-14.47,-12.79,-11.03,-14.45
200903,  2.78,  3.91,  1.65,  2.43,  3.46,  1.56,  0.57,  0.49,  0.61,  4.62,  5.97,  3.03,  4.61,  5.73,  2.94,  4.60,  5.33,  2.61,  5.23,  5.95,  3.48,  3.47,  4.31,  0.59,  2.76,  3.89,  1.65
200904,  8.90, 12.09,  5.62,  9.41, 13.66,  5.77, 11.00, 17.73,  6.78,  7.59, 10.39,  4.20,  7.22,  9.21,  4.19,  6.37,  7.17,  4.13,  6.68,  7.67,  4.26,  5.80,  6.35,  3.82,  9.02, 12.37,  5.66
200905,  8.50,  8.06,  8.98,  8.10,  7.36,  8.78,  7.36,  4.52,  9.33,  8.97,  9.80,  7.92,  9.44, 10.00,  8.55, 10.56, 10.38, 11.07, 11.09, 10.61, 12.32,  9.57,  9.99,  8.03,  8.48,  8.01,  8.98
200906,  4.51,  4.59,  4.42,  3.75,  3.36,  4.10,  1.76,  0.23,  2.77,  6.06,  5.90,  6.27,  6.75,  6.86,  6.56,  8.35,  8.57,  7.74,  8.21,  8.22,  8.21,  8.62,  9.17,  6.56,  4.40,  4.41,  4.40
200907,  2.32,  2.69,  1.92,  2.60,  3.33,  1.97,  3.28,  6.30,  1.38,  1.84,  1.03,  2.89,  1.56,  0.91,  2.60,  0.91,  0.71,  1.47,  0.84,  0.63,  1.36,  1.04,  0.85,  1.74,  2.34,  2.74,  1.92
200908,  4.70,  4.21,  5.22,  4.37,  3.56,  5.09,  4.38,  2.58,  5.57,  4.35,  4.36,  4.35,  4.95,  5.05,  4.79,  6.32,  6.25,  6.53,  5.97,  5.86,  6.24,  6.98,  6.91,  7.25,  4.64,  4.11,  5.19
200909, -1.54, -2.04, -1.01, -1.62, -2.13, -1.17, -2.48, -1.98, -2.80, -0.64, -2.25,  1.41, -0.79, -2.06,  1.26, -1.12, -1.74,  0.66, -1.62, -2.37,  0.27, -0.19, -0.68,  1.65, -1.58, -2.12, -1.03
200910, -3.23, -3.09, -3.39, -3.09, -2.72, -3.42, -2.60, -1.56, -3.27, -3.65, -3.65, -3.64, -3.73, -3.86, -3.53, -3.92, -4.23, -3.07, -3.75, -4.09, -2.93, -4.24, -4.45, -3.45, -3.21, -3.03, -3.39
200911, -0.72, -2.30,  0.95, -0.28, -1.89,  1.13,  0.33, -1.01,  1.20, -0.97, -2.60,  1.03, -1.55, -2.96,  0.63, -2.88, -3.59, -0.91, -1.90, -2.91,  0.50, -4.68, -4.74, -4.49, -0.66, -2.27,  0.99
200912,  1.23, -0.51,  2.88,  1.54, -0.48,  3.25,  1.96, -0.90,  4.35,  0.97,  0.08,  1.72,  0.49, -0.18,  1.23, -0.77, -0.64, -1.04, -0.59, -0.58, -0.60, -1.14, -0.76, -2.10,  1.29, -0.49,  2.94
201001,  1.58,  3.01,  0.25,  1.52,  3.29,  0.07,  1.62,  3.73, -0.07,  1.38,  2.70,  0.28,  1.54,  2.40,  0.61,  1.96,  1.85,  2.20,  2.04,  2.03,  2.05,  1.81,  1.52,  2.56,  1.56,  3.05,  0.21
201002,  0.30,  0.58,  0.02,  0.19,  0.40,  0.01, -0.20, -0.32, -0.09,  0.72,  1.40,  0.14,  0.80,  1.38,  0.15,  0.99,  1.36,  0.18,  0.82,  1.08,  0.29,  1.34,  1.88, -0.07,  0.27,  0.54,  0.02
201003,  5.69,  6.15,  5.24,  5.72,  6.08,  5.42,  5.96,  5.62,  6.24,  5.39,  6.70,  4.26,  5.42,  6.62,  4.08,  5.47,  6.48,  3.24,  5.47,  6.38,  3.60,  5.48,  6.67,  2.34,  5.69,  6.14,  5.27
201004, -0.07, -0.02, -0.12, -0.54, -0.61, -0.48, -1.64, -2.35, -1.05,  1.00,  1.76,  0.33,  1.52,  2.02,  0.96,  2.93,  2.50,  3.90,  2.39,  1.68,  3.86,  4.02,  4.03,  3.99, -0.18, -0.18, -0.19
201005, -8.19, -8.25, -8.13, -8.35, -8.34, -8.35, -8.39, -8.08, -8.64, -8.29, -8.68, -7.94, -7.99, -8.38, -7.55, -7.20, -7.84, -5.76, -7.05, -7.78, -5.54, -7.51, -7.95, -6.31, -8.21, -8.27, -8.16
201006, -1.19, -1.77, -0.62, -1.49, -2.42, -0.69, -2.07, -3.15, -1.17, -0.69, -1.45, -0.02, -0.32, -0.61,  0.01,  0.66,  0.89,  0.16,  0.85,  1.14,  0.27,  0.27,  0.42, -0.13, -1.21, -1.84, -0.62
201007,  3.67,  3.26,  4.06,  4.05,  3.75,  4.29,  4.74,  4.60,  4.85,  3.12,  2.65,  3.53,  2.63,  2.14,  3.17,  1.37,  1.26,  1.60,  1.21,  1.16,  1.30,  1.70,  1.46,  2.34,  3.72,  3.33,  4.08
201008, -2.80, -2.90, -2.70, -2.73, -2.70, -2.76, -1.88, -1.67, -2.06, -3.89, -4.07, -3.73, -3.71, -3.95, -3.43, -3.23, -3.75, -2.08, -3.07, -3.73, -1.75, -3.55, -3.80, -2.89, -2.78, -2.88, -2.69
201009,  5.08,  4.28,  5.83,  5.15,  4.16,  5.98,  4.94,  3.35,  6.24,  5.46,  5.26,  5.62,  5.22,  5.10,  5.36,  4.61,  4.80,  4.20,  4.77,  4.73,  4.84,  4.29,  4.93,  2.59,  5.10,  4.26,  5.87
201010,  1.18,  1.36,  1.00,  1.69,  2.19,  1.28,  1.96,  2.13,  1.83,  1.31,  2.28,  0.48,  0.38,  0.71,  0.02, -2.07, -2.06, -2.09, -1.48, -1.21, -2.02, -3.27, -3.64, -2.27,  1.29,  1.55,  1.05
201011,  1.80,  1.69,  1.90,  1.72,  1.46,  1.94,  1.89,  1.92,  1.86,  1.49,  0.85,  2.05,  1.71,  1.49,  1.96,  2.32,  2.69,  1.52,  1.90,  2.22,  1.25,  3.21,  3.58,  2.22,  1.77,  1.62,  1.90
201012,  7.71,  8.22,  7.17,  7.36,  7.66,  7.08,  7.41,  7.47,  7.35,  7.29,  7.94,  6.66,  8.02,  8.88,  6.95,  9.65, 10.34,  8.04,  9.17,  9.92,  7.70, 10.55, 11.06,  8.94,  7.66,  8.15,  7.16
201101,  0.60,  0.34,  0.87,  0.38,  0.03,  0.71,  0.42, -0.14,  0.92,  0.32,  0.28,  0.37,  0.77,  0.75,  0.80,  1.76,  1.49,  2.41,  1.49,  0.89,  2.69,  2.29,  2.48,  1.68,  0.54,  0.23,  0.86
201102,  4.97,  5.75,  4.15,  4.98,  5.97,  4.08,  5.49,  7.13,  4.06,  4.21,  4.32,  4.11,  4.43,  4.56,  4.27,  4.90,  4.92,  4.86,  4.94,  4.93,  4.95,  4.83,  4.89,  4.63,  4.96,  5.76,  4.14
201103, -8.91,-10.31, -7.41, -9.37,-11.49, -7.40,-10.40,-13.47, -7.65, -7.79, -8.59, -7.01, -7.35, -7.53, -7.12, -6.40, -5.93, -7.49, -6.91, -6.94, -6.85, -5.42, -4.26, -9.24, -8.99,-10.51, -7.40
201104, -0.40, -1.63,  0.87, -0.29, -1.64,  0.91, -0.16, -1.65,  1.08, -0.47, -1.62,  0.63, -0.64, -1.61,  0.60, -0.99, -1.60,  0.47, -0.36, -0.92,  0.74, -2.17, -2.72, -0.29, -0.37, -1.61,  0.87
201105, -1.55, -1.86, -1.25, -1.62, -1.87, -1.40, -1.76, -1.55, -1.94, -1.40, -2.31, -0.55, -1.34, -2.11, -0.37, -1.20, -1.82,  0.26, -0.91, -1.74,  0.72, -1.74, -1.95, -1.02, -1.54, -1.85, -1.24
201106,  2.82,  3.60,  2.05,  2.46,  3.20,  1.82,  1.77,  2.85,  0.90,  3.47,  3.68,  3.28,  3.89,  4.22,  3.48,  4.76,  5.01,  4.20,  4.73,  4.90,  4.39,  4.83,  5.18,  3.66,  2.79,  3.56,  2.04
201107,  2.68,  2.17,  3.21,  2.56,  1.87,  3.17,  2.67,  1.69,  3.50,  2.40,  2.13,  2.65,  2.69,  2.56,  2.86,  3.31,  3.18,  3.62,  3.37,  3.18,  3.73,  3.21,  3.19,  3.29,  2.67,  2.13,  3.21
201108, -7.04, -6.64, -7.44, -7.74, -7.54, -7.90, -8.80, -8.70, -8.89, -6.16, -5.95, -6.36, -5.28, -4.97, -5.66, -3.44, -3.55, -3.19, -4.10, -4.24, -3.82, -2.18, -2.41, -1.38, -7.13, -6.77, -7.49
201109, -0.51,  0.89, -1.93, -0.90,  0.46, -2.08, -2.15, -0.88, -3.20,  0.89,  2.25, -0.39,  1.07,  2.28, -0.43,  1.43,  2.31, -0.57,  1.68,  2.99, -0.85,  0.98,  1.21,  0.21, -0.52,  0.93, -1.95
201110, -2.17, -3.92, -0.34, -1.57, -3.34, -0.00,  0.03, -1.82,  1.58, -3.78, -5.29, -2.33, -4.20, -5.51, -2.53, -5.05, -5.82, -3.23, -4.62, -5.70, -2.47, -5.85, -6.01, -5.32, -2.10, -3.87, -0.30
201111, -3.64, -3.95, -3.33, -3.98, -4.62, -3.43, -4.19, -4.91, -3.60, -3.69, -4.25, -3.17, -3.11, -3.20, -3.01, -1.93, -1.71, -2.44, -1.91, -1.47, -2.75, -1.97, -2.10, -1.55, -3.68, -4.02, -3.35
201112,  0.66,  0.98,  0.36,  0.57,  0.89,  0.31,  0.20,  0.68, -0.22,  1.06,  1.18,  0.98,  1.11,  1.25,  0.96,  1.22,  1.39,  0.89,  1.19,  1.29,  1.00,  1.28,  1.55,  0.65,  0.64,  0.94,  0.36
201201,  5.19,  6.60,  3.87,  5.14,  6.62,  3.90,  5.78,  8.11,  3.73,  4.30,  4.54,  4.12,  4.64,  5.26,  4.02,  5.53,  6.53,  3.59,  4.62,  5.50,  3.06,  7.17,  8.26,  4.70,  5.14,  6.52,  3.86
201202,  4.85,  5.98,  3.77,  5.37,  6.82,  4.12,  7.03,  8.82,  5.39,  3.16,  3.92,  2.55,  2.75,  3.37,  2.12,  1.68,  2.41,  0.22,  1.50,  2.38, -0.10,  2.00,  2.46,  0.89,  4.91,  6.08,  3.79
201203,  1.17,  0.44,  1.88,  0.94,  0.08,  1.71,  0.63, -0.77,  1.95,  1.38,  1.37,  1.39,  1.71,  1.61,  1.81,  2.59,  2.03,  3.72,  2.81,  2.04,  4.27,  2.19,  2.03,  2.58,  1.15,  0.39,  1.88
201204, -4.11, -5.76, -2.51, -4.27, -6.10, -2.67, -4.56, -6.23, -3.02, -3.87, -5.92, -2.23, -3.66, -5.32, -1.97, -3.12, -4.26, -0.84, -3.67, -5.10, -1.07, -2.14, -2.90, -0.34, -4.17, -5.87, -2.54
201205, -8.35, -9.50, -7.28, -8.41, -9.75, -7.29, -8.17, -9.44, -7.05, -8.73,-10.22, -7.59, -8.52, -9.55, -7.51, -7.97, -8.38, -7.17, -8.09, -8.82, -6.83, -7.74, -7.68, -7.90, -8.36, -9.53, -7.28
201206,  5.91,  6.55,  5.32,  5.97,  6.76,  5.32,  6.27,  7.40,  5.29,  5.55,  5.82,  5.35,  5.55,  5.77,  5.35,  5.56,  5.68,  5.32,  5.69,  5.87,  5.38,  5.32,  5.37,  5.21,  5.92,  6.59,  5.32
201207, -2.76, -4.21, -1.41, -2.87, -4.52, -1.51, -2.61, -3.66, -1.68, -3.23, -5.82, -1.29, -2.91, -4.74, -1.14, -2.05, -2.89, -0.45, -2.01, -3.26,  0.13, -2.12, -2.29, -1.71, -2.77, -4.27, -1.40
201208, -0.76, -2.01,  0.35, -0.81, -2.14,  0.25, -0.83, -2.11,  0.28, -0.80, -2.19,  0.20, -0.70, -1.91,  0.42, -0.47, -1.45,  1.36, -0.16, -1.41,  1.91, -1.01, -1.51,  0.16, -0.76, -2.02,  0.35
201209,  3.00,  4.02,  2.11,  2.98,  4.16,  2.06,  2.99,  4.31,  1.87,  2.97,  3.94,  2.30,  3.02,  3.73,  2.37,  3.14,  3.39,  2.68,  3.48,  3.90,  2.81,  2.54,  2.61,  2.38,  3.02,  4.07,  2.11
201210, -1.99, -2.03, -1.96, -1.90, -1.78, -2.00, -2.28, -2.25, -2.30, -1.38, -1.04, -1.63, -1.71, -1.81, -1.61, -2.53, -3.08, -1.54, -2.40, -2.96, -1.50, -2.77, -3.27, -1.62, -1.98, -1.99, -1.97
201211,  1.48,  2.06,  0.96,  1.65,  2.26,  1.16,  2.31,  2.33,  2.28,  0.75,  2.14, -0.25,  0.66,  1.79, -0.39,  0.42,  1.20, -0.99, -0.00,  1.02, -1.65,  1.18,  1.49,  0.47,  1.50,  2.09,  0.98
201212,  5.23,  7.85,  2.76,  5.38,  8.32,  2.96,  5.95,  8.76,  3.87,  4.59,  7.79,  1.54,  4.51,  7.14,  1.35,  4.33,  5.96,  0.50,  4.22,  5.95,  0.58,  4.49,  5.98,  0.33,  5.25,  7.92,  2.78
201301,  3.83,  4.27,  3.40,  3.79,  4.41,  3.26,  4.96,  7.18,  3.24,  2.14,  1.01,  3.29,  2.68,  1.95,  3.61,  4.08,  3.69,  5.08,  3.59,  3.40,  4.03,  4.90,  4.13,  7.17,  3.78,  4.27,  3.31
201302,  2.21,  2.13,  2.29,  2.15,  1.98,  2.30,  1.86,  1.37,  2.25,  2.57,  2.78,  2.37,  2.57,  2.76,  2.34,  2.58,  2.74,  2.20,  2.74,  3.43,  1.18,  2.31,  1.67,  4.15,  2.19,  2.16,  2.22
201303,  5.12,  4.27,  5.98,  4.87,  3.90,  5.71,  4.12,  2.44,  5.45,  5.94,  5.77,  6.12,  6.17,  5.77,  6.67,  6.76,  5.79,  9.17,  6.02,  5.34,  7.58,  7.98,  6.48, 12.16,  5.07,  4.18,  5.93
201304,  8.23,  8.70,  7.76,  8.33,  9.26,  7.54,  8.45,  9.09,  7.96,  8.17,  9.47,  6.88,  8.00,  8.39,  7.51,  7.56,  6.43, 10.26,  7.21,  6.53,  8.76,  8.11,  6.28, 12.94,  8.20,  8.80,  7.64
201305, -5.07, -5.36, -4.79, -4.86, -4.95, -4.77, -5.32, -4.92, -5.63, -4.20, -5.00, -3.39, -4.82, -5.72, -3.69, -6.42, -7.06, -4.95, -6.86, -7.35, -5.75, -5.73, -6.61, -3.58, -5.11, -5.33, -4.89
201306,  1.62,  1.74,  1.51,  2.02,  2.25,  1.82,  2.32,  2.63,  2.08,  1.60,  1.78,  1.41,  0.91,  1.01,  0.79, -0.89, -0.45, -1.90,  0.36,  0.38,  0.31, -2.86, -1.72, -5.61,  1.76,  1.85,  1.67
201307,  0.84,  1.19,  0.49,  0.65,  0.96,  0.38,  0.71,  1.27,  0.28,  0.56,  0.58,  0.54,  0.96,  1.13,  0.76,  2.06,  2.19,  1.76,  2.23,  2.11,  2.49,  1.79,  2.33,  0.45,  0.82,  1.13,  0.52
201308, -2.48, -2.26, -2.70, -2.53, -2.35, -2.68, -2.27, -2.02, -2.47, -2.89, -2.78, -3.01, -2.70, -2.47, -2.99, -2.20, -1.88, -2.94, -1.92, -1.92, -1.93, -2.66, -1.83, -4.79, -2.47, -2.28, -2.65
201309,  8.88,  9.21,  8.55,  8.58,  8.78,  8.39,  8.00,  8.29,  7.77,  9.39,  9.41,  9.38,  9.79,  9.98,  9.56, 10.84, 11.05, 10.34,  9.88,  9.98,  9.68, 12.42, 12.74, 11.57,  8.78,  9.08,  8.50
201310, -0.56, -1.01, -0.10, -0.54, -1.12, -0.02, -0.33, -1.19,  0.36, -0.83, -1.04, -0.61, -0.79, -0.87, -0.69, -0.69, -0.55, -1.03, -0.26, -0.52,  0.30, -1.41, -0.61, -3.54, -0.53, -1.05, -0.02
201311,  1.55,  1.12,  1.97,  1.80,  1.29,  2.25,  1.97,  1.12,  2.65,  1.56,  1.50,  1.61,  1.11,  1.12,  1.10, -0.05,  0.40, -1.12,  0.60,  1.33, -0.99, -1.14, -1.04, -1.39,  1.61,  1.20,  2.01
201312,  0.51,  0.39,  0.63,  0.54,  0.33,  0.73,  0.90,  0.40,  1.30, -0.01,  0.25, -0.30,  0.10,  0.39, -0.27,  0.34,  0.62, -0.19,  0.25,  0.71, -0.48,  0.50,  0.47,  0.58,  0.50,  0.39,  0.61
201401, -3.47, -3.59, -3.35, -4.04, -4.23, -3.87, -5.28, -5.34, -5.23, -2.10, -2.77, -1.37, -1.54, -2.13, -0.78, -0.35, -1.03,  0.95, -0.88, -2.10,  1.12,  0.69,  0.78,  0.49, -3.55, -3.70, -3.40
201402,  0.12, -0.30,  0.54,  0.41, -0.19,  0.94,  0.05, -0.79,  0.71,  0.95,  0.58,  1.36,  0.20,  0.10,  0.32, -1.38, -0.70, -2.63, -1.33, -0.57, -2.54, -1.47, -0.92, -2.87,  0.17, -0.27,  0.60
201403, -1.16, -1.30, -1.02, -1.44, -1.82, -1.10, -1.32, -1.69, -1.03, -1.62, -1.99, -1.22, -1.00, -0.99, -1.01,  0.33,  0.69, -0.37, -0.23, -0.11, -0.43,  1.40,  2.02, -0.21, -1.19, -1.38, -1.01
201404, -2.84, -2.56, -3.12, -2.91, -2.80, -3.00, -3.28, -3.61, -3.02, -2.36, -1.78, -2.97, -2.39, -1.72, -3.25, -2.47, -1.63, -4.06, -2.18, -1.00, -4.08, -3.03, -2.66, -3.99, -2.83, -2.54, -3.11
201405,  4.28,  4.34,  4.22,  4.45,  4.80,  4.14,  4.25,  4.97,  3.70,  4.74,  4.58,  4.91,  4.31,  3.84,  4.90,  3.39,  2.62,  4.87,  3.92,  3.08,  5.33,  2.36,  1.86,  3.67,  4.32,  4.42,  4.21
201406,  5.40,  5.63,  5.17,  5.10,  5.34,  4.89,  4.84,  5.24,  4.54,  5.49,  5.46,  5.51,  5.97,  5.94,  6.00,  7.00,  6.75,  7.47,  6.61,  6.26,  7.20,  7.75,  7.58,  8.20,  5.33,  5.56,  5.11
201407,  0.69,  0.34,  1.05,  0.79,  0.29,  1.22,  0.39, -0.16,  0.82,  1.37,  0.86,  1.92,  0.99,  0.72,  1.34,  0.21,  0.50, -0.32,  0.03,  0.36, -0.51,  0.57,  0.72,  0.16,  0.70,  0.34,  1.06
201408, -1.80, -1.65, -1.96, -2.08, -1.99, -2.15, -2.54, -2.39, -2.66, -1.39, -1.50, -1.28, -1.07, -1.07, -1.06, -0.37, -0.35, -0.42, -0.86, -1.20, -0.30,  0.57,  1.07, -0.73, -1.86, -1.72, -2.00
201409, -0.85, -1.67, -0.03, -0.47, -1.43,  0.37,  0.34, -1.36,  1.65, -1.66, -1.52, -1.80, -2.02, -1.90, -2.17, -2.78, -2.54, -3.24, -2.97, -2.78, -3.26, -2.43, -2.15, -3.19, -0.81, -1.66,  0.01
201410, -1.07, -1.79, -0.37, -0.83, -1.59, -0.17, -0.91, -2.18,  0.04, -0.71, -0.88, -0.53, -1.23, -1.49, -0.90, -2.33, -2.51, -1.99, -1.86, -2.18, -1.36, -3.22, -3.06, -3.66, -1.02, -1.74, -0.32
201411, -0.50, -0.70, -0.31, -0.25, -0.40, -0.11, -0.26, -0.57, -0.03, -0.23, -0.20, -0.26, -0.74, -0.79, -0.67, -1.84, -1.80, -1.91, -1.39, -1.06, -1.92, -2.69, -2.99, -1.89, -0.46, -0.63, -0.29
201412, -1.50, -1.22, -1.78, -1.81, -1.63, -1.97, -2.82, -2.77, -2.86, -0.41, -0.16, -0.66, -0.16,  0.15, -0.51,  0.51,  0.78,  0.05,  0.52,  0.55,  0.47,  0.51,  1.15, -0.72, -1.55, -1.30, -1.79
201501,  2.19,  1.31,  3.04,  2.16,  1.13,  3.08,  1.04,  0.04,  1.88,  3.69,  2.50,  4.84,  3.33,  2.40,  4.39,  2.37,  2.19,  2.69,  2.59,  2.33,  2.99,  2.02,  1.96,  2.14,  2.21,  1.32,  3.07
201502,  6.41,  8.05,  4.84,  6.76,  8.82,  4.97,  7.51, 10.87,  4.74,  5.77,  6.28,  5.29,  5.35,  5.70,  4.96,  4.21,  4.50,  3.70,  5.03,  5.23,  4.69,  2.84,  3.37,  1.82,  6.52,  8.24,  4.90
201503,  1.37, -0.25,  2.96,  1.39, -0.45,  3.05,  1.17, -0.80,  2.89,  1.69,  0.01,  3.28,  1.57,  0.24,  3.05,  1.24,  0.73,  2.13,  1.21,  0.79,  1.89,  1.29,  0.64,  2.58,  1.37, -0.27,  2.97
201504,  4.43,  6.72,  2.25,  4.62,  7.28,  2.32,  5.73,  8.43,  3.47,  3.14,  5.81,  0.70,  3.14,  5.24,  0.89,  3.15,  4.04,  1.64,  3.06,  4.27,  1.14,  3.31,  3.67,  2.61,  4.45,  6.81,  2.24
201505,  1.05,  2.55, -0.43,  1.10,  2.88, -0.52,  1.01,  2.79, -0.54,  1.22,  3.00, -0.48,  1.09,  2.33, -0.31,  0.71,  0.91,  0.36,  1.18,  1.28,  1.01, -0.09,  0.31, -0.88,  1.09,  2.63, -0.42
201506, -1.27, -1.85, -0.68, -1.68, -2.30, -1.09, -2.17, -2.49, -1.87, -1.01, -2.06,  0.02, -0.37, -1.28,  0.67,  1.43,  0.42,  3.22,  1.26, -0.06,  3.44,  1.72,  1.18,  2.79, -1.34, -1.93, -0.75
201507,  0.15,  0.23,  0.08,  0.21,  0.57, -0.13, -0.72,  0.15, -1.51,  1.47,  1.12,  1.81,  1.02,  0.30,  1.84, -0.20, -1.47,  1.96, -0.15, -1.51,  2.03, -0.30, -1.40,  1.83,  0.15,  0.27,  0.04
201508, -5.05, -5.43, -4.67, -5.38, -5.91, -4.90, -5.81, -6.38, -5.29, -4.82, -5.29, -4.36, -4.31, -4.58, -4.00, -2.89, -3.02, -2.67, -3.09, -3.63, -2.25, -2.54, -2.04, -3.50, -5.09, -5.51, -4.68
201509, -6.60, -6.15, -7.05, -7.02, -6.70, -7.33, -7.76, -7.54, -7.97, -6.05, -5.62, -6.47, -5.49, -4.94, -6.09, -3.95, -3.50, -4.68, -4.33, -3.62, -5.39, -3.30, -3.31, -3.28, -6.67, -6.23, -7.12
201510,  9.83,  9.60, 10.05, 10.36, 10.04, 10.66, 11.21, 10.43, 11.91,  9.29,  9.56,  9.02,  8.54,  8.91,  8.14,  6.56,  7.54,  4.94,  7.53,  8.49,  6.05,  4.92,  6.05,  2.78,  9.94,  9.71, 10.18
201511, -0.32, -1.43,  0.80, -0.66, -1.97,  0.55, -1.15, -2.42, -0.00, -0.03, -1.42,  1.30,  0.47, -0.59,  1.65,  1.85,  1.18,  3.00,  1.59,  0.67,  3.04,  2.31,  1.99,  2.92, -0.38, -1.53,  0.77
201512,  0.05, -0.37,  0.43, -0.02, -0.44,  0.34,  0.01, -0.01,  0.03, -0.05, -1.00,  0.72,  0.08, -0.67,  0.83,  0.44, -0.03,  1.23,  0.57,  0.16,  1.20,  0.21, -0.36,  1.28,  0.03, -0.38,  0.41
201601, -7.56, -8.85, -6.40, -7.69, -9.24, -6.41, -8.48,-10.15, -7.09, -6.66, -8.03, -5.54, -6.69, -7.71, -5.69, -6.78, -7.09, -6.29, -6.60, -6.78, -6.31, -7.13, -7.61, -6.22, -7.57, -8.88, -6.40
201602, -3.07, -5.63, -0.81, -3.25, -6.09, -0.98, -3.35, -6.52, -0.80, -3.13, -5.54, -1.22, -2.80, -4.87, -0.82, -1.93, -3.58,  0.74, -1.98, -4.00,  1.07, -1.84, -2.86,  0.05, -3.12, -5.71, -0.85
201603,  5.33,  5.59,  5.10,  4.98,  5.50,  4.58,  5.00,  6.14,  4.14,  4.96,  4.72,  5.14,  5.62,  5.14,  6.07,  7.40,  5.94,  9.67,  6.71,  5.32,  8.69,  8.70,  7.00, 11.77,  5.25,  5.55,  5.00
201604,  3.25,  3.16,  3.32,  3.34,  3.05,  3.56,  3.42,  2.94,  3.79,  3.24,  3.19,  3.28,  3.09,  3.34,  2.86,  2.69,  3.62,  1.31,  3.21,  4.37,  1.63,  1.73,  2.36,  0.65,  3.28,  3.20,  3.36
201605,  0.40,  0.13,  0.63,  0.24, -0.03,  0.44, -0.06,  1.05, -0.90,  0.60, -1.38,  2.13,  0.82, -0.63,  2.16,  1.39,  0.82,  2.25,  1.30,  0.78,  2.03,  1.56,  0.89,  2.73,  0.38,  0.14,  0.58
201606, -2.08, -4.66,  0.09, -2.27, -5.16, -0.07, -2.70, -5.58, -0.45, -1.74, -4.62,  0.40, -1.52, -3.89,  0.60, -0.95, -2.51,  1.39, -0.95, -2.81,  1.64, -0.93, -1.98,  0.87, -2.14, -4.77,  0.06
201607,  5.19,  7.31,  3.48,  5.24,  7.36,  3.71,  6.15,  8.26,  4.58,  4.13,  6.21,  2.66,  4.33,  6.53,  2.43,  4.86,  7.11,  1.61,  4.75,  7.00,  1.75,  5.06,  7.30,  1.31,  5.21,  7.34,  3.53
201608,  0.87,  3.57, -1.37,  1.51,  4.63, -0.83,  3.39,  5.23,  1.97, -0.85,  3.85, -4.27, -1.41,  2.17, -4.61, -2.87, -0.88, -5.91, -2.48, -0.25, -5.62, -3.60, -1.95, -6.51,  0.97,  3.71, -1.30
201609,  2.64,  1.23,  3.88,  2.12,  0.36,  3.52,  0.98, -0.80,  2.41,  3.61,  1.88,  4.97,  4.22,  2.98,  5.41,  5.88,  5.09,  7.13,  5.57,  4.55,  7.07,  6.44,  6.01,  7.25,  2.57,  1.11,  3.83
201610,  1.29,  2.92, -0.09,  1.20,  2.88, -0.09,  1.11,  2.80, -0.18,  1.31,  2.99,  0.02,  1.46,  3.02, -0.00,  1.84,  3.09, -0.10,  2.03,  3.18,  0.39,  1.48,  2.95, -1.17,  1.31,  2.95, -0.06
201611, -1.92,  0.76, -4.30, -1.67,  1.37, -4.11, -0.79,  2.74, -3.58, -2.89, -0.41, -4.92, -3.02, -0.91, -5.12, -3.36, -1.82, -5.90, -3.47, -1.88, -5.88, -3.17, -1.73, -5.96, -1.89,  0.84, -4.28
201612, -0.33,  0.83, -1.54, -0.43,  0.82, -1.62, -1.09,  0.22, -2.32,  0.59,  1.71, -0.51,  0.49,  1.41, -0.61,  0.26,  0.88, -0.92,  0.22,  0.98, -1.12,  0.33,  0.68, -0.45, -0.34,  0.82, -1.56
201701,  3.42,  3.24,  3.61,  3.41,  3.18,  3.63,  3.73,  3.01,  4.43,  2.92,  3.43,  2.41,  3.09,  3.46,  2.65,  3.48,  3.50,  3.44,  3.30,  3.38,  3.15,  3.86,  3.73,  4.14,  3.39,  3.20,  3.58
